<?xml version = '1.0' encoding = 'UTF-8'?>
<Table class="oracle.dbtools.crest.model.design.relational.Table" directorySegmentName="seg_0" id="20044E77-F1AA-CC31-7A0B-A8494FEE33A6" schemaObject="72606E5C-92CC-27F7-451D-6A50373A95E3" name="MOYEN_LIVRAISON">
<sourceDDLFile>Model_OPE_DSID.sql</sourceDDLFile>
<createdBy>RAR9</createdBy>
<createdTime>2024-01-15 18:06:49 UTC</createdTime>
<ownerDesignName>1_CC2_GRP8_MPD_SI_OPE</ownerDesignName>
<importedID>8DBECB4C-C59F-6FC0-7D05-F359A46B1D6B</importedID>
<allowColumnReorder>false</allowColumnReorder>
<existDependencyGenerateInDDl>true</existDependencyGenerateInDDl>
<parsed>true</parsed>
<columns itemClass="oracle.dbtools.crest.model.design.relational.Column">
<Column name="ID_MOYEN_LIVRAISON" id="E4FBFC08-A37B-56CA-9BE9-A322CA702F81">
<sourceDDLFile>Model_OPE_DSID.sql</sourceDDLFile>
<createdBy>RAR9</createdBy>
<createdTime>2024-01-15 18:06:49 UTC</createdTime>
<ownerDesignName>1_CC2_GRP8_MPD_SI_OPE</ownerDesignName>
<importedID>0493BA42-0F87-8EBA-D9B1-81AE71D2D659</importedID>
<useDomainConstraints>false</useDomainConstraints>
<use>1</use>
<logicalDatatype>LOGDT011</logicalDatatype>
<ownDataTypeParameters>,,</ownDataTypeParameters>
<autoIncrementColumn>true</autoIncrementColumn>
<autoIncrementCycle>false</autoIncrementCycle>
<autoIncrementGenerateTrigger>false</autoIncrementGenerateTrigger>
</Column>
<Column name="CODE_MOYEN_LIVRAISON" id="95F1D2A0-8F17-0587-2C6F-CC4F5E3549D4">
<sourceDDLFile>Model_OPE_DSID.sql</sourceDDLFile>
<createdBy>RAR9</createdBy>
<createdTime>2024-01-15 18:06:49 UTC</createdTime>
<ownerDesignName>1_CC2_GRP8_MPD_SI_OPE</ownerDesignName>
<importedID>DC0BD81F-F5A7-070A-AF40-1329E404A002</importedID>
<nullsAllowed>true</nullsAllowed>
<useDomainConstraints>false</useDomainConstraints>
<use>1</use>
<logicalDatatype>LOGDT024</logicalDatatype>
<dataTypeSize>20 CHAR</dataTypeSize>
<ownDataTypeParameters>20 CHAR,,</ownDataTypeParameters>
<autoIncrementCycle>false</autoIncrementCycle>
</Column>
<Column name="LIBELLE_MOYEN_LIVRAISON" id="46D7A945-63B6-179C-70EC-3ECDED1DFA30">
<sourceDDLFile>Model_OPE_DSID.sql</sourceDDLFile>
<createdBy>RAR9</createdBy>
<createdTime>2024-01-15 18:06:49 UTC</createdTime>
<ownerDesignName>1_CC2_GRP8_MPD_SI_OPE</ownerDesignName>
<importedID>D4653FE1-D600-29D9-0C7B-148A9877A757</importedID>
<nullsAllowed>true</nullsAllowed>
<useDomainConstraints>false</useDomainConstraints>
<use>1</use>
<logicalDatatype>LOGDT024</logicalDatatype>
<dataTypeSize>50 CHAR</dataTypeSize>
<ownDataTypeParameters>50 CHAR,,</ownDataTypeParameters>
<autoIncrementCycle>false</autoIncrementCycle>
</Column>
</columns>
<indexes itemClass="oracle.dbtools.crest.model.design.relational.Index">
<ind_PK_UK id="21D0A59C-A192-3272-D035-F076E7A09EF3" name="MOYEN_LIVRAISON_PK">
<sourceDDLFile>Model_OPE_DSID.sql</sourceDDLFile>
<createdBy>RAR9</createdBy>
<createdTime>2024-01-15 18:06:49 UTC</createdTime>
<ownerDesignName>1_CC2_GRP8_MPD_SI_OPE</ownerDesignName>
<importedID>3C62FE60-E5B6-FA18-9B1E-B0127BE713B6</importedID>
<pk>true</pk>
<indexState>Primary Constraint</indexState>
<isSurrogateKey>false</isSurrogateKey>
<indexColumnUsage>
<colUsage columnID="E4FBFC08-A37B-56CA-9BE9-A322CA702F81"/>
</indexColumnUsage>
</ind_PK_UK>
</indexes>
</Table>