<?xml version = '1.0' encoding = 'UTF-8'?>
<Table class="oracle.dbtools.crest.model.design.relational.Table" directorySegmentName="seg_0" id="3288C43E-2F5D-2AAB-06C5-B4893A8AE299" schemaObject="72606E5C-92CC-27F7-451D-6A50373A95E3" name="COMMANDE">
<sourceDDLFile>Model_OPE_DSID.sql</sourceDDLFile>
<createdBy>RAR9</createdBy>
<createdTime>2024-01-15 18:06:49 UTC</createdTime>
<ownerDesignName>1_CC2_GRP8_MPD_SI_OPE</ownerDesignName>
<importedID>E3FBF55F-E325-7D38-C020-6542A80DD3C4</importedID>
<allowColumnReorder>false</allowColumnReorder>
<existDependencyGenerateInDDl>true</existDependencyGenerateInDDl>
<parsed>true</parsed>
<columns itemClass="oracle.dbtools.crest.model.design.relational.Column">
<Column name="ID_COMMANDE" id="03144B02-A2A4-547E-1BEE-80131631E867">
<sourceDDLFile>Model_OPE_DSID.sql</sourceDDLFile>
<createdBy>RAR9</createdBy>
<createdTime>2024-01-15 18:06:49 UTC</createdTime>
<ownerDesignName>1_CC2_GRP8_MPD_SI_OPE</ownerDesignName>
<importedID>0E6D6DE5-658E-CA2F-6938-B3CF79375612</importedID>
<useDomainConstraints>false</useDomainConstraints>
<use>1</use>
<logicalDatatype>LOGDT011</logicalDatatype>
<ownDataTypeParameters>,,</ownDataTypeParameters>
<autoIncrementColumn>true</autoIncrementColumn>
<autoIncrementCycle>false</autoIncrementCycle>
<autoIncrementGenerateTrigger>false</autoIncrementGenerateTrigger>
</Column>
<Column name="ID_CLIENT" id="6FD60B2E-B0B1-D839-DD45-142B1E25E5EF">
<sourceDDLFile>Model_OPE_DSID.sql</sourceDDLFile>
<createdBy>RAR9</createdBy>
<createdTime>2024-01-15 18:06:49 UTC</createdTime>
<ownerDesignName>1_CC2_GRP8_MPD_SI_OPE</ownerDesignName>
<importedID>14CFEE58-9BD3-6FA4-768D-1B36D5373BDA</importedID>
<useDomainConstraints>false</useDomainConstraints>
<use>1</use>
<logicalDatatype>LOGDT011</logicalDatatype>
<ownDataTypeParameters>,,</ownDataTypeParameters>
<autoIncrementCycle>false</autoIncrementCycle>
<associations>
<colAssociation fkAssociation="5E868D5B-3E0B-B05C-6C2C-7D8F5AF3B523" referredColumn="AF6393B5-3A66-2610-4098-3C13EF872B1C"/>
</associations>
</Column>
<Column name="ID_MENU" id="E198A6C9-C970-8832-DA7D-04DC4D8A0BF1">
<sourceDDLFile>Model_OPE_DSID.sql</sourceDDLFile>
<createdBy>RAR9</createdBy>
<createdTime>2024-01-15 18:06:49 UTC</createdTime>
<ownerDesignName>1_CC2_GRP8_MPD_SI_OPE</ownerDesignName>
<importedID>5CB112BC-02A0-1514-4B0B-8D09E1B9FE4F</importedID>
<useDomainConstraints>false</useDomainConstraints>
<use>1</use>
<logicalDatatype>LOGDT011</logicalDatatype>
<ownDataTypeParameters>,,</ownDataTypeParameters>
<autoIncrementCycle>false</autoIncrementCycle>
<associations>
<colAssociation fkAssociation="3AFF0D57-D152-1C68-415A-5FF46DEFCBEE" referredColumn="3101FC6F-EC06-AF8E-BE7D-68BA9335D324"/>
</associations>
</Column>
<Column name="ID_MOYEN_PAIEMENT" id="910C2853-E0C5-ADE3-4473-E7BCE6BE4485">
<sourceDDLFile>Model_OPE_DSID.sql</sourceDDLFile>
<createdBy>RAR9</createdBy>
<createdTime>2024-01-15 18:06:49 UTC</createdTime>
<ownerDesignName>1_CC2_GRP8_MPD_SI_OPE</ownerDesignName>
<importedID>A60D64FC-E16C-725F-D6FA-619D53961326</importedID>
<useDomainConstraints>false</useDomainConstraints>
<use>1</use>
<logicalDatatype>LOGDT011</logicalDatatype>
<ownDataTypeParameters>,,</ownDataTypeParameters>
<autoIncrementCycle>false</autoIncrementCycle>
<associations>
<colAssociation fkAssociation="246FF964-B123-8680-88FE-52D439042B4A" referredColumn="81036938-CD0F-90DA-75C7-EFC2566828DC"/>
</associations>
</Column>
<Column name="NUMERO_COMMANDE" id="8EFDD786-385F-813F-E93C-A903F710D9CB">
<createdBy>RAR9</createdBy>
<createdTime>2024-01-15 18:06:49 UTC</createdTime>
<ownerDesignName>1_CC2_GRP8_MPD_SI_OPE</ownerDesignName>
<importedID>C4723C2A-4B43-7A20-F060-5121D83C088D</importedID>
<nullsAllowed>true</nullsAllowed>
<useDomainConstraints>false</useDomainConstraints>
<use>1</use>
<logicalDatatype>LOGDT011</logicalDatatype>
<ownDataTypeParameters>,,</ownDataTypeParameters>
<autoIncrementCycle>false</autoIncrementCycle>
</Column>
<Column name="DATE_COMMANDE" id="C75E3529-D1AC-5533-8D2E-2AED3415A72B">
<sourceDDLFile>Model_OPE_DSID.sql</sourceDDLFile>
<createdBy>RAR9</createdBy>
<createdTime>2024-01-15 18:06:49 UTC</createdTime>
<ownerDesignName>1_CC2_GRP8_MPD_SI_OPE</ownerDesignName>
<importedID>B3270792-5624-F694-8E54-CA1FCB27F493</importedID>
<nullsAllowed>true</nullsAllowed>
<useDomainConstraints>false</useDomainConstraints>
<use>1</use>
<logicalDatatype>LOGDT008</logicalDatatype>
<ownDataTypeParameters>,,</ownDataTypeParameters>
<autoIncrementCycle>false</autoIncrementCycle>
</Column>
<Column name="MONTANT_TOTAL" id="7C823639-9A22-ACF3-1D9E-81CACA5ED10C">
<sourceDDLFile>Model_OPE_DSID.sql</sourceDDLFile>
<createdBy>RAR9</createdBy>
<createdTime>2024-01-15 18:06:49 UTC</createdTime>
<ownerDesignName>1_CC2_GRP8_MPD_SI_OPE</ownerDesignName>
<importedID>7168A35D-1D26-00D8-B651-1266A915D5BD</importedID>
<nullsAllowed>true</nullsAllowed>
<useDomainConstraints>false</useDomainConstraints>
<use>1</use>
<logicalDatatype>LOGDT021</logicalDatatype>
<ownDataTypeParameters>,,</ownDataTypeParameters>
<autoIncrementCycle>false</autoIncrementCycle>
</Column>
</columns>
<indexes itemClass="oracle.dbtools.crest.model.design.relational.Index">
<ind_PK_UK id="5B3A8153-617F-EBE4-06C2-7A6BC09504DE" name="COMMANDE_PK">
<sourceDDLFile>Model_OPE_DSID.sql</sourceDDLFile>
<createdBy>RAR9</createdBy>
<createdTime>2024-01-15 18:06:49 UTC</createdTime>
<ownerDesignName>1_CC2_GRP8_MPD_SI_OPE</ownerDesignName>
<importedID>E0FC7D35-E571-9E2B-0F22-57AED3F41147</importedID>
<pk>true</pk>
<indexState>Primary Constraint</indexState>
<isSurrogateKey>false</isSurrogateKey>
<indexColumnUsage>
<colUsage columnID="03144B02-A2A4-547E-1BEE-80131631E867"/>
</indexColumnUsage>
</ind_PK_UK>
<ind_PK_UK id="0D0174F6-C93F-AC7E-0299-A1063F5DBBB2" name="COMMANDE_CONTENU_FK">
<createdBy>RAR9</createdBy>
<createdTime>2024-01-15 18:06:49 UTC</createdTime>
<ownerDesignName>1_CC2_GRP8_MPD_SI_OPE</ownerDesignName>
<indexState>Foreign Key</indexState>
<isSurrogateKey>false</isSurrogateKey>
<indexColumnUsage>
<colUsage columnID="E198A6C9-C970-8832-DA7D-04DC4D8A0BF1"/>
</indexColumnUsage>
</ind_PK_UK>
<ind_PK_UK id="81B11959-23AC-5C9E-1561-51CB41B94138" name="COMMANDE_MOYEN_PAIEMENT_FK">
<createdBy>RAR9</createdBy>
<createdTime>2024-01-15 18:06:49 UTC</createdTime>
<ownerDesignName>1_CC2_GRP8_MPD_SI_OPE</ownerDesignName>
<indexState>Foreign Key</indexState>
<isSurrogateKey>false</isSurrogateKey>
<indexColumnUsage>
<colUsage columnID="910C2853-E0C5-ADE3-4473-E7BCE6BE4485"/>
</indexColumnUsage>
</ind_PK_UK>
<ind_PK_UK id="69990562-AEDD-04C5-BABA-748ADADD6A1A" name="COMMANDE_CLIENT_FK">
<createdBy>RAR9</createdBy>
<createdTime>2024-01-15 18:06:49 UTC</createdTime>
<ownerDesignName>1_CC2_GRP8_MPD_SI_OPE</ownerDesignName>
<indexState>Foreign Key</indexState>
<isSurrogateKey>false</isSurrogateKey>
<indexColumnUsage>
<colUsage columnID="6FD60B2E-B0B1-D839-DD45-142B1E25E5EF"/>
</indexColumnUsage>
</ind_PK_UK>
</indexes>
</Table>