<?xml version = '1.0' encoding = 'UTF-8'?>
<Table class="oracle.dbtools.crest.model.design.relational.Table" directorySegmentName="seg_0" id="98CE7A45-2790-BFE6-BC0C-C2E74CDBAAF4" schemaObject="72606E5C-92CC-27F7-451D-6A50373A95E3" name="ADRESSE_RESTAURANT">
<sourceDDLFile>Model_OPE_DSID.sql</sourceDDLFile>
<createdBy>RAR9</createdBy>
<createdTime>2024-01-15 18:06:49 UTC</createdTime>
<ownerDesignName>1_CC2_GRP8_MPD_SI_OPE</ownerDesignName>
<importedID>557782C3-4D97-AE81-383B-4F36EFF7E119</importedID>
<allowColumnReorder>false</allowColumnReorder>
<existDependencyGenerateInDDl>true</existDependencyGenerateInDDl>
<parsed>true</parsed>
<columns itemClass="oracle.dbtools.crest.model.design.relational.Column">
<Column name="ID_ADRESSE_RESTAURANT" id="1F514168-B31F-B5F0-24B8-05ECBE214959">
<sourceDDLFile>Model_OPE_DSID.sql</sourceDDLFile>
<createdBy>RAR9</createdBy>
<createdTime>2024-01-15 18:06:49 UTC</createdTime>
<ownerDesignName>1_CC2_GRP8_MPD_SI_OPE</ownerDesignName>
<importedID>CB23D6EF-36D2-1970-2DD7-DF146367E09E</importedID>
<useDomainConstraints>false</useDomainConstraints>
<use>1</use>
<logicalDatatype>LOGDT011</logicalDatatype>
<ownDataTypeParameters>,,</ownDataTypeParameters>
<autoIncrementColumn>true</autoIncrementColumn>
<autoIncrementCycle>false</autoIncrementCycle>
<autoIncrementGenerateTrigger>false</autoIncrementGenerateTrigger>
</Column>
<Column name="ADRESSE_RESTAURANT" id="14F17CB4-3B7E-794E-0205-B81F83EFF817">
<sourceDDLFile>Model_OPE_DSID.sql</sourceDDLFile>
<createdBy>RAR9</createdBy>
<createdTime>2024-01-15 18:06:49 UTC</createdTime>
<ownerDesignName>1_CC2_GRP8_MPD_SI_OPE</ownerDesignName>
<importedID>78904308-6003-F03D-A655-83C6DB38F3FF</importedID>
<nullsAllowed>true</nullsAllowed>
<useDomainConstraints>false</useDomainConstraints>
<use>1</use>
<logicalDatatype>LOGDT024</logicalDatatype>
<dataTypeSize>200 CHAR</dataTypeSize>
<ownDataTypeParameters>200 CHAR,,</ownDataTypeParameters>
<autoIncrementCycle>false</autoIncrementCycle>
</Column>
</columns>
<indexes itemClass="oracle.dbtools.crest.model.design.relational.Index">
<ind_PK_UK id="29546DC2-E9A5-1FAD-C2D8-995570BEE05A" name="ADRESSE_RESTAURANT">
<sourceDDLFile>Model_OPE_DSID.sql</sourceDDLFile>
<createdBy>RAR9</createdBy>
<createdTime>2024-01-15 18:06:49 UTC</createdTime>
<ownerDesignName>1_CC2_GRP8_MPD_SI_OPE</ownerDesignName>
<importedID>F9D07EFD-4B32-4127-425C-255D3880CBC5</importedID>
<pk>true</pk>
<indexState>Primary Constraint</indexState>
<isSurrogateKey>false</isSurrogateKey>
<indexColumnUsage>
<colUsage columnID="1F514168-B31F-B5F0-24B8-05ECBE214959"/>
</indexColumnUsage>
</ind_PK_UK>
</indexes>
</Table>