<?xml version = '1.0' encoding = 'UTF-8'?>
<Table class="oracle.dbtools.crest.model.design.relational.Table" directorySegmentName="seg_0" id="E992F90F-C036-B904-2CEA-D161FAC277F9" schemaObject="72606E5C-92CC-27F7-451D-6A50373A95E3" name="ADRESSE_NORMALISEE_CLIENT">
<sourceDDLFile>Model_OPE_DSID.sql</sourceDDLFile>
<createdBy>RAR9</createdBy>
<createdTime>2024-01-15 18:06:49 UTC</createdTime>
<ownerDesignName>1_CC2_GRP8_MPD_SI_OPE</ownerDesignName>
<importedID>A7FC43F8-2488-653C-3852-F5558AD19053</importedID>
<allowColumnReorder>false</allowColumnReorder>
<existDependencyGenerateInDDl>true</existDependencyGenerateInDDl>
<parsed>true</parsed>
<columns itemClass="oracle.dbtools.crest.model.design.relational.Column">
<Column name="ID_ADRESSE_NORM_CLIENT" id="8E46DA6F-CD6D-A4BD-6342-41B8C718D8CA">
<sourceDDLFile>Model_OPE_DSID.sql</sourceDDLFile>
<createdBy>RAR9</createdBy>
<createdTime>2024-01-15 18:06:49 UTC</createdTime>
<ownerDesignName>1_CC2_GRP8_MPD_SI_OPE</ownerDesignName>
<importedID>F0D39A65-810B-E02C-32A0-2E9F7017EA51</importedID>
<useDomainConstraints>false</useDomainConstraints>
<use>1</use>
<logicalDatatype>LOGDT011</logicalDatatype>
<ownDataTypeParameters>,,</ownDataTypeParameters>
<autoIncrementColumn>true</autoIncrementColumn>
<autoIncrementCycle>false</autoIncrementCycle>
<autoIncrementGenerateTrigger>false</autoIncrementGenerateTrigger>
</Column>
<Column name="ID_ADRESSE_CLIENT" id="E202CFA8-52F9-8FB0-CBA4-81BCEAAD1DE1">
<sourceDDLFile>Model_OPE_DSID.sql</sourceDDLFile>
<createdBy>RAR9</createdBy>
<createdTime>2024-01-15 18:06:49 UTC</createdTime>
<ownerDesignName>1_CC2_GRP8_MPD_SI_OPE</ownerDesignName>
<importedID>4CAC830A-4DC9-AAD5-87F3-E147B986C340</importedID>
<useDomainConstraints>false</useDomainConstraints>
<use>1</use>
<logicalDatatype>LOGDT011</logicalDatatype>
<ownDataTypeParameters>,,</ownDataTypeParameters>
<autoIncrementCycle>false</autoIncrementCycle>
<associations>
<colAssociation fkAssociation="1D9BB7E3-BDA7-C831-9924-8C843CF40C34" referredColumn="5735D653-6B22-2A12-B859-9F3587835321"/>
</associations>
</Column>
<Column name="NUMERO_VOIE" id="EC639DC0-7A17-3396-655A-C952E99363B8">
<sourceDDLFile>Model_OPE_DSID.sql</sourceDDLFile>
<createdBy>RAR9</createdBy>
<createdTime>2024-01-15 18:06:49 UTC</createdTime>
<ownerDesignName>1_CC2_GRP8_MPD_SI_OPE</ownerDesignName>
<importedID>B178870D-3EB1-B4F5-3B21-A36D5B7B30D2</importedID>
<nullsAllowed>true</nullsAllowed>
<useDomainConstraints>false</useDomainConstraints>
<use>1</use>
<logicalDatatype>LOGDT024</logicalDatatype>
<dataTypeSize>10 CHAR</dataTypeSize>
<ownDataTypeParameters>10 CHAR,,</ownDataTypeParameters>
<autoIncrementCycle>false</autoIncrementCycle>
</Column>
<Column name="NOM_VOIE" id="96A2C4B5-7A2F-66B8-2054-DAD326B1B803">
<sourceDDLFile>Model_OPE_DSID.sql</sourceDDLFile>
<createdBy>RAR9</createdBy>
<createdTime>2024-01-15 18:06:49 UTC</createdTime>
<ownerDesignName>1_CC2_GRP8_MPD_SI_OPE</ownerDesignName>
<importedID>032C67AA-7E6A-5268-82AA-C599A80B5F72</importedID>
<nullsAllowed>true</nullsAllowed>
<useDomainConstraints>false</useDomainConstraints>
<use>1</use>
<logicalDatatype>LOGDT024</logicalDatatype>
<dataTypeSize>100 CHAR</dataTypeSize>
<ownDataTypeParameters>100 CHAR,,</ownDataTypeParameters>
<autoIncrementCycle>false</autoIncrementCycle>
</Column>
<Column name="CODE_POSTAL" id="A23EB437-E541-B0D5-9AD9-C5A3D21DAA5B">
<sourceDDLFile>Model_OPE_DSID.sql</sourceDDLFile>
<createdBy>RAR9</createdBy>
<createdTime>2024-01-15 18:06:49 UTC</createdTime>
<ownerDesignName>1_CC2_GRP8_MPD_SI_OPE</ownerDesignName>
<importedID>1BEB6C37-B580-84F0-9391-DE5CBE021E2C</importedID>
<nullsAllowed>true</nullsAllowed>
<useDomainConstraints>false</useDomainConstraints>
<use>1</use>
<logicalDatatype>LOGDT024</logicalDatatype>
<dataTypeSize>5 CHAR</dataTypeSize>
<ownDataTypeParameters>5 CHAR,,</ownDataTypeParameters>
<autoIncrementCycle>false</autoIncrementCycle>
</Column>
<Column name="NOM_VILLE" id="8AD5820D-BA4D-1EA0-310F-8BE03778B9AE">
<sourceDDLFile>Model_OPE_DSID.sql</sourceDDLFile>
<createdBy>RAR9</createdBy>
<createdTime>2024-01-15 18:06:49 UTC</createdTime>
<ownerDesignName>1_CC2_GRP8_MPD_SI_OPE</ownerDesignName>
<importedID>161C73CD-D971-ABB8-5945-CBC62C7C1724</importedID>
<nullsAllowed>true</nullsAllowed>
<useDomainConstraints>false</useDomainConstraints>
<use>1</use>
<logicalDatatype>LOGDT024</logicalDatatype>
<dataTypeSize>100 CHAR</dataTypeSize>
<ownDataTypeParameters>100 CHAR,,</ownDataTypeParameters>
<autoIncrementCycle>false</autoIncrementCycle>
</Column>
<Column name="LONGITUDE" id="F0538C64-6E76-3A83-1314-EA53A5DD9DCF">
<sourceDDLFile>Model_OPE_DSID.sql</sourceDDLFile>
<createdBy>RAR9</createdBy>
<createdTime>2024-01-15 18:06:49 UTC</createdTime>
<ownerDesignName>1_CC2_GRP8_MPD_SI_OPE</ownerDesignName>
<importedID>37A0BC5D-2483-E471-3EE1-F1D34BCD84E8</importedID>
<nullsAllowed>true</nullsAllowed>
<useDomainConstraints>false</useDomainConstraints>
<use>1</use>
<logicalDatatype>LOGDT024</logicalDatatype>
<dataTypeSize>20 CHAR</dataTypeSize>
<ownDataTypeParameters>20 CHAR,,</ownDataTypeParameters>
<autoIncrementCycle>false</autoIncrementCycle>
</Column>
<Column name="LATITUDE" id="6B814E5A-332F-8FF9-983F-D87065E890C1">
<sourceDDLFile>Model_OPE_DSID.sql</sourceDDLFile>
<createdBy>RAR9</createdBy>
<createdTime>2024-01-15 18:06:49 UTC</createdTime>
<ownerDesignName>1_CC2_GRP8_MPD_SI_OPE</ownerDesignName>
<importedID>B16C1048-AB28-09A6-6340-BD5CCE7156BE</importedID>
<nullsAllowed>true</nullsAllowed>
<useDomainConstraints>false</useDomainConstraints>
<use>1</use>
<logicalDatatype>LOGDT024</logicalDatatype>
<dataTypeSize>20 CHAR</dataTypeSize>
<ownDataTypeParameters>20 CHAR,,</ownDataTypeParameters>
<autoIncrementCycle>false</autoIncrementCycle>
</Column>
</columns>
<indexes itemClass="oracle.dbtools.crest.model.design.relational.Index">
<ind_PK_UK id="9CF6A216-E4A6-FFB6-3AB9-6220038C29B7" name="ADRESSE_NORM_CLIENT_PK">
<sourceDDLFile>Model_OPE_DSID.sql</sourceDDLFile>
<createdBy>RAR9</createdBy>
<createdTime>2024-01-15 18:06:49 UTC</createdTime>
<ownerDesignName>1_CC2_GRP8_MPD_SI_OPE</ownerDesignName>
<importedID>6D346B17-50DF-BDE7-CFF0-FCD1F44D999A</importedID>
<pk>true</pk>
<indexState>Primary Constraint</indexState>
<isSurrogateKey>false</isSurrogateKey>
<indexColumnUsage>
<colUsage columnID="8E46DA6F-CD6D-A4BD-6342-41B8C718D8CA"/>
</indexColumnUsage>
</ind_PK_UK>
<ind_PK_UK id="C3FAFF06-D57B-993D-F4FC-8686586BBC26" name="ADRESSE_NORMALISEE_CLIENT_FK">
<createdBy>RAR9</createdBy>
<createdTime>2024-01-15 18:06:49 UTC</createdTime>
<ownerDesignName>1_CC2_GRP8_MPD_SI_OPE</ownerDesignName>
<indexState>Foreign Key</indexState>
<isSurrogateKey>false</isSurrogateKey>
<indexColumnUsage>
<colUsage columnID="E202CFA8-52F9-8FB0-CBA4-81BCEAAD1DE1"/>
</indexColumnUsage>
</ind_PK_UK>
</indexes>
</Table>