<?xml version = '1.0' encoding = 'UTF-8'?>
<Diagram class="oracle.dbtools.crest.swingui.relational.DPVRelational" name="WRK" id="AEB58300-8C8B-FAF1-BFE2-DBEB60244D4D">
<createdBy>RAR9</createdBy>
<modifiedBy>RAR9</modifiedBy>
<createdTime>2024-01-16 13:52:52 UTC</createdTime>
<autoRoute>false</autoRoute>
<boxInbox>true</boxInbox>
<showLegend>false</showLegend>
<showLabels>false</showLabels>
<showRelAttributes>false</showRelAttributes>
<gridEnabled>false</gridEnabled>
<showGrid>false</showGrid>
<diagramColor>-1</diagramColor>
<display>false</display>
<notation>1</notation>
<objectViews>
<OView class="oracle.dbtools.crest.swingui.relational.TVTable" oid="66A9B21C-E8AF-0B94-E08E-37D20D7577DF" otype="Table" vid="BDEE5E7B-E08E-9212-A215-1AF29492A8BE">
<hideElementsInCurrentOnly>false</hideElementsInCurrentOnly>
<bounds x="0" y="9" width="352" height="656"/>
</OView>
<OView class="oracle.dbtools.crest.swingui.relational.TVTable" oid="8D636FAC-EDAC-5DA5-4D80-3B2F6B9DF99D" otype="Table" vid="641256FF-0C9F-B3FD-56C9-B4935B0258D6">
<hideElementsInCurrentOnly>false</hideElementsInCurrentOnly>
<bounds x="726" y="4" width="352" height="623"/>
</OView>
<OView class="oracle.dbtools.crest.swingui.relational.TVTable" oid="C10E0EC7-58A7-C906-FA4B-E2DC508D7289" otype="Table" vid="7A7DE94A-F1C5-A631-3A85-24A78D855855">
<hideElementsInCurrentOnly>false</hideElementsInCurrentOnly>
<bounds x="365" y="3" width="352" height="661"/>
</OView>
</objectViews>
</Diagram>