<?xml version = '1.0' encoding = 'UTF-8'?>
<FKIndexAssociation class="oracle.dbtools.crest.model.design.relational.FKIndexAssociation" directorySegmentName="seg_0" id="38259D4F-00D8-9C83-F173-6BEF1F3F9B58" containerWithKeyObject="002E0CD7-7E48-DB8B-BB66-85C2ADFA48E1" localFKIndex="7174D026-CD9D-7C6E-6FAB-FE6FF16D4C25" name="DIM_RESTAURANT_D_FK">
<createdBy>farie</createdBy>
<createdTime>2024-01-14 22:42:23 UTC</createdTime>
<ownerDesignName>3_CC2_Groupe8_MPD_DM1</ownerDesignName>
<referredTableLongName>DSID_LIV_DM1.DIM_RESTAURANT_D</referredTableLongName>
<deleteRule>NO ACTION</deleteRule>
<referredTableID>CEF7040A-6FE5-44D2-2DC3-CE8DF2F611D2</referredTableID>
<keyObject>ACA42FE1-89C1-50A2-8292-D794F3D5E540</keyObject>
<referredKeyID>ACA42FE1-89C1-50A2-8292-D794F3D5E540</referredKeyID>
<mandatory>true</mandatory>
<refColNames>ID_RESTAURANT</refColNames>
<transferable>true</transferable>
<rely>false</rely>
<columnDependencyConstraintGenerateInDDL>true</columnDependencyConstraintGenerateInDDL>
</FKIndexAssociation>