<?xml version = '1.0' encoding = 'UTF-8'?>
<FKIndexAssociation class="oracle.dbtools.crest.model.design.relational.FKIndexAssociation" directorySegmentName="seg_0" id="387DEF73-138C-E122-0A30-2224AD652122" containerWithKeyObject="002E0CD7-7E48-DB8B-BB66-85C2ADFA48E1" localFKIndex="53847022-DB24-8A09-8AFE-EBB8BAFB5C11" name="DIM_DATE_COMMANDE_D_FK">
<createdBy>farie</createdBy>
<createdTime>2024-01-14 22:50:38 UTC</createdTime>
<ownerDesignName>3_CC2_Groupe8_MPD_DM1</ownerDesignName>
<referredTableLongName>DSID_LIV_DM1.DIM_DATE_COMMANDE_D</referredTableLongName>
<deleteRule>NO ACTION</deleteRule>
<referredTableID>76CA64FA-3D33-ED9A-3176-4D2BA05CB441</referredTableID>
<keyObject>F3778607-1F42-3E67-1DAF-1795955174E7</keyObject>
<referredKeyID>F3778607-1F42-3E67-1DAF-1795955174E7</referredKeyID>
<mandatory>true</mandatory>
<refColNames>ID_DATE_COMMANDE</refColNames>
<transferable>true</transferable>
<rely>false</rely>
<columnDependencyConstraintGenerateInDDL>true</columnDependencyConstraintGenerateInDDL>
</FKIndexAssociation>