<?xml version = '1.0' encoding = 'UTF-8'?>
<FKIndexAssociation class="oracle.dbtools.crest.model.design.relational.FKIndexAssociation" directorySegmentName="seg_0" id="56E108F0-C149-6A62-C603-825F074820FB" containerWithKeyObject="002E0CD7-7E48-DB8B-BB66-85C2ADFA48E1" localFKIndex="9261E305-9554-21A1-6F44-78751C95B8C6" name="DIM_MOYEN_PAIEMENT_D__FK">
<createdBy>farie</createdBy>
<createdTime>2024-01-14 22:43:57 UTC</createdTime>
<ownerDesignName>3_CC2_Groupe8_MPD_DM1</ownerDesignName>
<referredTableLongName>DSID_LIV_DM1.DIM_MOYEN_PAIEMENT_D</referredTableLongName>
<deleteRule>NO ACTION</deleteRule>
<referredTableID>522BB87C-0CAD-C6E8-9CFF-8375AEE2F1C9</referredTableID>
<keyObject>D407347E-D480-C0DB-5AAE-FC2891D569AD</keyObject>
<referredKeyID>D407347E-D480-C0DB-5AAE-FC2891D569AD</referredKeyID>
<mandatory>true</mandatory>
<refColNames>ID_MOYEN_PAIEMENT</refColNames>
<transferable>true</transferable>
<rely>false</rely>
<columnDependencyConstraintGenerateInDDL>true</columnDependencyConstraintGenerateInDDL>
</FKIndexAssociation>