<?xml version = '1.0' encoding = 'UTF-8'?>
<FKIndexAssociation class="oracle.dbtools.crest.model.design.relational.FKIndexAssociation" directorySegmentName="seg_0" id="763387F3-AA14-D587-900C-D6542B79F95A" containerWithKeyObject="002E0CD7-7E48-DB8B-BB66-85C2ADFA48E1" localFKIndex="2A2A3384-10F5-B32D-F2BC-284ECE9DFCAA" name="DIM_ADRESSE_NORM_CLIENT_D_FK">
<createdBy>farie</createdBy>
<createdTime>2024-01-14 22:49:29 UTC</createdTime>
<ownerDesignName>3_CC2_Groupe8_MPD_DM1</ownerDesignName>
<referredTableLongName>DSID_LIV_DM1.DIM_ADRESSE_NORM_CLIENT_D</referredTableLongName>
<deleteRule>NO ACTION</deleteRule>
<referredTableID>BD41796E-710F-EE98-6B7E-B6D7F39D072D</referredTableID>
<keyObject>08D3A6F4-5BF5-8C13-C701-E290437DF1AA</keyObject>
<referredKeyID>08D3A6F4-5BF5-8C13-C701-E290437DF1AA</referredKeyID>
<mandatory>true</mandatory>
<refColNames>ID_ADRESSE_NORM_CLIENT</refColNames>
<transferable>true</transferable>
<rely>false</rely>
<columnDependencyConstraintGenerateInDDL>true</columnDependencyConstraintGenerateInDDL>
</FKIndexAssociation>