<?xml version = '1.0' encoding = 'UTF-8'?>
<FKIndexAssociation class="oracle.dbtools.crest.model.design.relational.FKIndexAssociation" directorySegmentName="seg_0" id="8E417877-BB1F-A0BA-C193-42D77C4D7349" containerWithKeyObject="002E0CD7-7E48-DB8B-BB66-85C2ADFA48E1" localFKIndex="2BE0A9DE-5005-D8D8-5F7B-A48FE2A4DEF1" name="DIM_DATE_FIN_PREPARATION_D_FK">
<createdBy>farie</createdBy>
<createdTime>2024-01-14 22:47:19 UTC</createdTime>
<ownerDesignName>3_CC2_Groupe8_MPD_DM1</ownerDesignName>
<referredTableLongName>DSID_LIV_DM1.DIM_DATE_FIN_PREPARATION_D</referredTableLongName>
<deleteRule>NO ACTION</deleteRule>
<referredTableID>4D8325D3-3216-09FE-78F9-888FF0FC2BFA</referredTableID>
<keyObject>8145A042-2D1B-7A98-AF21-0409DD39A3F1</keyObject>
<referredKeyID>8145A042-2D1B-7A98-AF21-0409DD39A3F1</referredKeyID>
<mandatory>true</mandatory>
<refColNames>ID_DATE_FIN_PREPARATION</refColNames>
<transferable>true</transferable>
<rely>false</rely>
<columnDependencyConstraintGenerateInDDL>true</columnDependencyConstraintGenerateInDDL>
</FKIndexAssociation>