<?xml version = '1.0' encoding = 'UTF-8'?>
<FKIndexAssociation class="oracle.dbtools.crest.model.design.relational.FKIndexAssociation" directorySegmentName="seg_0" id="A5E2C2F0-5D9F-DD5D-8B0C-6250E2EF9048" containerWithKeyObject="002E0CD7-7E48-DB8B-BB66-85C2ADFA48E1" localFKIndex="4DBDE5D8-9360-D856-59FF-05D53AF4DAED" name="DIM_CLIENT_D_FK">
<createdBy>farie</createdBy>
<createdTime>2024-01-14 22:37:37 UTC</createdTime>
<ownerDesignName>3_CC2_Groupe8_MPD_DM1</ownerDesignName>
<referredTableLongName>DSID_LIV_DM1.DIM_CLIENT_D</referredTableLongName>
<deleteRule>NO ACTION</deleteRule>
<referredTableID>5967EF6A-8A87-D077-A062-EC8772082920</referredTableID>
<keyObject>C46867C5-19EF-0CF8-C46F-5F7565DA2879</keyObject>
<referredKeyID>C46867C5-19EF-0CF8-C46F-5F7565DA2879</referredKeyID>
<mandatory>true</mandatory>
<refColNames>ID_CLIENT</refColNames>
<transferable>true</transferable>
<rely>false</rely>
<columnDependencyConstraintGenerateInDDL>true</columnDependencyConstraintGenerateInDDL>
</FKIndexAssociation>