<?xml version = '1.0' encoding = 'UTF-8'?>
<FKIndexAssociation class="oracle.dbtools.crest.model.design.relational.FKIndexAssociation" directorySegmentName="seg_0" id="BBEEF339-896D-F1CC-E210-3FB5BB2D4A15" containerWithKeyObject="002E0CD7-7E48-DB8B-BB66-85C2ADFA48E1" localFKIndex="AF9CE314-D723-D81F-2CA6-128C05011449" name="DIM_ADRESSE_NORM_RESTAURANT_D_FK">
<createdBy>farie</createdBy>
<createdTime>2024-01-14 22:50:01 UTC</createdTime>
<ownerDesignName>3_CC2_Groupe8_MPD_DM1</ownerDesignName>
<referredTableLongName>DSID_LIV_DM1.DIM_ADRESSE_NORM_RESTAURANT_D</referredTableLongName>
<deleteRule>NO ACTION</deleteRule>
<referredTableID>1D7CE791-839D-83CC-74FE-9169382A67E5</referredTableID>
<keyObject>3A40AA8A-127E-6EE1-68E5-D46EE148C46A</keyObject>
<referredKeyID>3A40AA8A-127E-6EE1-68E5-D46EE148C46A</referredKeyID>
<mandatory>true</mandatory>
<refColNames>ID_ADRESSE_NORM_RESTAURANT</refColNames>
<transferable>true</transferable>
<rely>false</rely>
<columnDependencyConstraintGenerateInDDL>true</columnDependencyConstraintGenerateInDDL>
</FKIndexAssociation>