<?xml version = '1.0' encoding = 'UTF-8'?>
<Diagram class="oracle.dbtools.crest.swingui.relational.DPVRelational" name="WRK" id="4EB32D4C-EB5D-46A7-C0DA-425CEC7275C4">
<createdBy>farie</createdBy>
<modifiedBy>farie</modifiedBy>
<createdTime>2024-01-12 16:34:15 UTC</createdTime>
<autoRoute>false</autoRoute>
<boxInbox>true</boxInbox>
<showLegend>false</showLegend>
<showLabels>false</showLabels>
<showRelAttributes>false</showRelAttributes>
<gridEnabled>false</gridEnabled>
<showGrid>false</showGrid>
<diagramColor>-1</diagramColor>
<display>false</display>
<notation>1</notation>
<objectViews>
<OView class="oracle.dbtools.crest.swingui.relational.TVTable" oid="7974BE29-E7AC-B872-1C96-1CAFE0D2E5D2" otype="Table" vid="8C4EB254-82FD-9706-453F-4E4709C3E392">
<hideElementsInCurrentOnly>false</hideElementsInCurrentOnly>
<bounds x="369" y="0" width="352" height="504"/>
</OView>
<OView class="oracle.dbtools.crest.swingui.relational.TVTable" oid="868F262A-AF93-D96B-B71C-254D2BFAE40E" otype="Table" vid="E40BCF2B-8ED2-6322-0A39-223F66E51A8E">
<hideElementsInCurrentOnly>false</hideElementsInCurrentOnly>
<bounds x="8" y="11" width="352" height="475"/>
</OView>
<OView class="oracle.dbtools.crest.swingui.relational.TVTable" oid="BE27F9BA-B765-A6C4-BA43-2407F968624D" otype="Table" vid="2D59C3C1-4649-BBC8-5FCA-913BBB14C8FA">
<hideElementsInCurrentOnly>false</hideElementsInCurrentOnly>
<bounds x="725" y="1" width="352" height="497"/>
</OView>
</objectViews>
</Diagram>