<?xml version = '1.0' encoding = 'UTF-8'?>
<Table class="oracle.dbtools.crest.model.design.relational.Table" directorySegmentName="seg_0" id="C10E0EC7-58A7-C906-FA4B-E2DC508D7289" schemaObject="39A7B6CB-6451-9F59-BC1A-A1B7BCB52912" name="dm2_rejet">
<createdBy>RAR9</createdBy>
<createdTime>2024-01-16 13:52:52 UTC</createdTime>
<ownerDesignName>4_CC2_Groupe8_MPD_DM2</ownerDesignName>
<importedID>F26BB3D2-E92E-EE2F-9084-369EC80FE49F</importedID>
<ordsAlias>table_1</ordsAlias>
<allowColumnReorder>false</allowColumnReorder>
<existDependencyGenerateInDDl>true</existDependencyGenerateInDDl>
<parsed>true</parsed>
<columns itemClass="oracle.dbtools.crest.model.design.relational.Column">
<Column name="ID_DM2_REJET" id="022000B5-C0A8-FF57-48E5-58528994A098">
<createdBy>RAR9</createdBy>
<createdTime>2024-01-16 13:52:52 UTC</createdTime>
<ownerDesignName>4_CC2_Groupe8_MPD_DM2</ownerDesignName>
<importedID>ABAEA5C5-4883-C279-2089-DE004A0AA7ED</importedID>
<useDomainConstraints>false</useDomainConstraints>
<use>1</use>
<logicalDatatype>LOGDT019</logicalDatatype>
<ownDataTypeParameters>,,</ownDataTypeParameters>
<autoIncrementColumn>true</autoIncrementColumn>
<autoIncrementCycle>false</autoIncrementCycle>
<autoIncrementSequenceName>dm2_rejet_seq</autoIncrementSequenceName>
<autoIncrementGenerateTrigger>false</autoIncrementGenerateTrigger>
</Column>
<Column name="ID_LIVREUR" id="ABAC482E-070B-E4EB-3C58-766FCF4C6228">
<createdBy>RAR9</createdBy>
<createdTime>2024-01-16 13:52:52 UTC</createdTime>
<ownerDesignName>4_CC2_Groupe8_MPD_DM2</ownerDesignName>
<importedID>E669C981-3CDC-7B95-EEEA-2E3C984C9068</importedID>
<nullsAllowed>true</nullsAllowed>
<useDomainConstraints>false</useDomainConstraints>
<use>1</use>
<logicalDatatype>LOGDT019</logicalDatatype>
<ownDataTypeParameters>,,</ownDataTypeParameters>
<autoIncrementCycle>false</autoIncrementCycle>
</Column>
<Column name="NOM_LIVREUR" id="A01F7FFC-F061-98DD-F9A7-DD77224EF68F">
<createdBy>RAR9</createdBy>
<createdTime>2024-01-16 13:52:52 UTC</createdTime>
<ownerDesignName>4_CC2_Groupe8_MPD_DM2</ownerDesignName>
<importedID>F6482055-BA42-54F5-293B-F0885FB46265</importedID>
<nullsAllowed>true</nullsAllowed>
<useDomainConstraints>false</useDomainConstraints>
<use>1</use>
<logicalDatatype>LOGDT024</logicalDatatype>
<dataTypeSize>100 CHAR</dataTypeSize>
<ownDataTypeParameters>100 CHAR,,</ownDataTypeParameters>
<autoIncrementCycle>false</autoIncrementCycle>
</Column>
<Column name="PRENOM_LIVREUR" id="9F630B36-80A4-C6D3-1B5D-32F4E3AC393C">
<createdBy>RAR9</createdBy>
<createdTime>2024-01-16 13:52:52 UTC</createdTime>
<ownerDesignName>4_CC2_Groupe8_MPD_DM2</ownerDesignName>
<importedID>933135EB-0A63-39CE-9F92-E124FD313B8E</importedID>
<nullsAllowed>true</nullsAllowed>
<useDomainConstraints>false</useDomainConstraints>
<use>1</use>
<logicalDatatype>LOGDT024</logicalDatatype>
<dataTypeSize>100 CHAR</dataTypeSize>
<ownDataTypeParameters>100 CHAR,,</ownDataTypeParameters>
<autoIncrementCycle>false</autoIncrementCycle>
</Column>
<Column name="ID_MOYEN_LIVRAISON" id="19395922-87AC-BA46-9272-C8FBF78D45DD">
<createdBy>RAR9</createdBy>
<createdTime>2024-01-16 13:52:52 UTC</createdTime>
<ownerDesignName>4_CC2_Groupe8_MPD_DM2</ownerDesignName>
<importedID>A79B2771-6851-846C-D9A7-723CD5DB6547</importedID>
<nullsAllowed>true</nullsAllowed>
<useDomainConstraints>false</useDomainConstraints>
<use>1</use>
<logicalDatatype>LOGDT019</logicalDatatype>
<ownDataTypeParameters>,,</ownDataTypeParameters>
<autoIncrementCycle>false</autoIncrementCycle>
</Column>
<Column name="CODE_MOYEN_LIVRAISON" id="B7FD261A-35C0-0C73-99EF-EB4E26A3D1BA">
<createdBy>RAR9</createdBy>
<createdTime>2024-01-16 13:52:52 UTC</createdTime>
<ownerDesignName>4_CC2_Groupe8_MPD_DM2</ownerDesignName>
<importedID>3CCB5E68-BF2D-8039-8A4F-411CA7B7D2FA</importedID>
<nullsAllowed>true</nullsAllowed>
<useDomainConstraints>false</useDomainConstraints>
<use>1</use>
<logicalDatatype>LOGDT024</logicalDatatype>
<dataTypeSize>20 CHAR</dataTypeSize>
<ownDataTypeParameters>20 CHAR,,</ownDataTypeParameters>
<autoIncrementCycle>false</autoIncrementCycle>
</Column>
<Column name="LIBELLE_MOYEN_LIVRAISON" id="C6E6E6FE-9B01-471D-2E3F-A99AC97CA21F">
<createdBy>RAR9</createdBy>
<createdTime>2024-01-16 13:52:52 UTC</createdTime>
<ownerDesignName>4_CC2_Groupe8_MPD_DM2</ownerDesignName>
<importedID>57D010DE-C6AC-FE43-A723-2254B369C6A9</importedID>
<nullsAllowed>true</nullsAllowed>
<useDomainConstraints>false</useDomainConstraints>
<use>1</use>
<logicalDatatype>LOGDT024</logicalDatatype>
<dataTypeSize>50 CHAR</dataTypeSize>
<ownDataTypeParameters>50 CHAR,,</ownDataTypeParameters>
<autoIncrementCycle>false</autoIncrementCycle>
</Column>
<Column name="ID_CLIENT" id="9F27CDF4-68C6-35BC-FB44-40FA63152DDF">
<createdBy>RAR9</createdBy>
<createdTime>2024-01-16 13:52:52 UTC</createdTime>
<ownerDesignName>4_CC2_Groupe8_MPD_DM2</ownerDesignName>
<importedID>DC204171-1A9B-FBA9-1C3D-77456958B5C8</importedID>
<nullsAllowed>true</nullsAllowed>
<useDomainConstraints>false</useDomainConstraints>
<use>1</use>
<logicalDatatype>LOGDT019</logicalDatatype>
<ownDataTypeParameters>,,</ownDataTypeParameters>
<autoIncrementCycle>false</autoIncrementCycle>
</Column>
<Column name="NOM_CLIENT" id="38F104FD-3CAF-BBAC-A792-AFBC5E3E6163">
<createdBy>RAR9</createdBy>
<createdTime>2024-01-16 13:52:52 UTC</createdTime>
<ownerDesignName>4_CC2_Groupe8_MPD_DM2</ownerDesignName>
<importedID>63BD2C18-E247-092F-04B8-D257D51DD703</importedID>
<nullsAllowed>true</nullsAllowed>
<useDomainConstraints>false</useDomainConstraints>
<use>1</use>
<logicalDatatype>LOGDT024</logicalDatatype>
<dataTypeSize>100 CHAR</dataTypeSize>
<ownDataTypeParameters>100 CHAR,,</ownDataTypeParameters>
<autoIncrementCycle>false</autoIncrementCycle>
</Column>
<Column name="PRENOM_CLIENT" id="AF8B9898-C08B-CC75-7E62-55238FA11CD7">
<createdBy>RAR9</createdBy>
<createdTime>2024-01-16 13:52:52 UTC</createdTime>
<ownerDesignName>4_CC2_Groupe8_MPD_DM2</ownerDesignName>
<importedID>2E8ECF0C-508F-4D37-F656-B903B12FBB6E</importedID>
<nullsAllowed>true</nullsAllowed>
<useDomainConstraints>false</useDomainConstraints>
<use>1</use>
<logicalDatatype>LOGDT024</logicalDatatype>
<dataTypeSize>100 CHAR</dataTypeSize>
<ownDataTypeParameters>100 CHAR,,</ownDataTypeParameters>
<autoIncrementCycle>false</autoIncrementCycle>
</Column>
<Column name="ID_ADRESSE_NORM_CLIENT" id="17DB347D-6FC3-8A25-7E25-9EFE0F366112">
<createdBy>RAR9</createdBy>
<createdTime>2024-01-16 13:52:52 UTC</createdTime>
<ownerDesignName>4_CC2_Groupe8_MPD_DM2</ownerDesignName>
<importedID>8F877EB4-2E6B-D805-32B2-4B7A0509BB16</importedID>
<nullsAllowed>true</nullsAllowed>
<useDomainConstraints>false</useDomainConstraints>
<use>1</use>
<logicalDatatype>LOGDT019</logicalDatatype>
<ownDataTypeParameters>,,</ownDataTypeParameters>
<autoIncrementCycle>false</autoIncrementCycle>
</Column>
<Column name="NUMERO_VOIE" id="F86A2994-C2E2-B478-72D8-EBCD84D9BD54">
<createdBy>RAR9</createdBy>
<createdTime>2024-01-16 13:52:52 UTC</createdTime>
<ownerDesignName>4_CC2_Groupe8_MPD_DM2</ownerDesignName>
<importedID>B99AE50C-0D63-6C40-3A92-84BE42D1FD65</importedID>
<nullsAllowed>true</nullsAllowed>
<useDomainConstraints>false</useDomainConstraints>
<use>1</use>
<logicalDatatype>LOGDT024</logicalDatatype>
<dataTypeSize>10 CHAR</dataTypeSize>
<ownDataTypeParameters>10 CHAR,,</ownDataTypeParameters>
<autoIncrementCycle>false</autoIncrementCycle>
</Column>
<Column name="NOM_VOIE" id="56619FD2-B8E1-E3DA-51D6-88AC9767E5F2">
<createdBy>RAR9</createdBy>
<createdTime>2024-01-16 13:52:52 UTC</createdTime>
<ownerDesignName>4_CC2_Groupe8_MPD_DM2</ownerDesignName>
<importedID>DAA9A361-E58C-5E70-B89A-B8C64FE8301E</importedID>
<nullsAllowed>true</nullsAllowed>
<useDomainConstraints>false</useDomainConstraints>
<use>1</use>
<logicalDatatype>LOGDT024</logicalDatatype>
<dataTypeSize>100 CHAR</dataTypeSize>
<ownDataTypeParameters>100 CHAR,,</ownDataTypeParameters>
<autoIncrementCycle>false</autoIncrementCycle>
</Column>
<Column name="CODE_POSTAL" id="8713940F-0524-86BE-1A08-4ADAB6FCE8E2">
<createdBy>RAR9</createdBy>
<createdTime>2024-01-16 13:52:52 UTC</createdTime>
<ownerDesignName>4_CC2_Groupe8_MPD_DM2</ownerDesignName>
<importedID>83FF1689-3E22-4B42-C64D-55FA30ED0F69</importedID>
<nullsAllowed>true</nullsAllowed>
<useDomainConstraints>false</useDomainConstraints>
<use>1</use>
<logicalDatatype>LOGDT024</logicalDatatype>
<dataTypeSize>5 CHAR</dataTypeSize>
<ownDataTypeParameters>5 CHAR,,</ownDataTypeParameters>
<autoIncrementCycle>false</autoIncrementCycle>
</Column>
<Column name="NOM_VILLE" id="CA41F466-41F5-1A73-9B58-67552B8EDD18">
<createdBy>RAR9</createdBy>
<createdTime>2024-01-16 13:52:52 UTC</createdTime>
<ownerDesignName>4_CC2_Groupe8_MPD_DM2</ownerDesignName>
<importedID>E7822CCD-F561-8954-5AA9-F7964DDB29BC</importedID>
<nullsAllowed>true</nullsAllowed>
<useDomainConstraints>false</useDomainConstraints>
<use>1</use>
<logicalDatatype>LOGDT024</logicalDatatype>
<dataTypeSize>100 CHAR</dataTypeSize>
<ownDataTypeParameters>100 CHAR,,</ownDataTypeParameters>
<autoIncrementCycle>false</autoIncrementCycle>
</Column>
<Column name="LONGITUDE" id="0A9C8135-007B-2315-3F0A-09D651974A42">
<createdBy>RAR9</createdBy>
<createdTime>2024-01-16 13:52:52 UTC</createdTime>
<ownerDesignName>4_CC2_Groupe8_MPD_DM2</ownerDesignName>
<importedID>1BA82651-2A01-8D85-ABD2-9D1B7F9A67BB</importedID>
<nullsAllowed>true</nullsAllowed>
<useDomainConstraints>false</useDomainConstraints>
<use>1</use>
<logicalDatatype>LOGDT024</logicalDatatype>
<dataTypeSize>20 CHAR</dataTypeSize>
<ownDataTypeParameters>20 CHAR,,</ownDataTypeParameters>
<autoIncrementCycle>false</autoIncrementCycle>
</Column>
<Column name="LATITUDE" id="ABB9622B-62DB-9DCD-8B5D-4906B4132BE8">
<createdBy>RAR9</createdBy>
<createdTime>2024-01-16 13:52:52 UTC</createdTime>
<ownerDesignName>4_CC2_Groupe8_MPD_DM2</ownerDesignName>
<importedID>9E7D7471-1CD2-A57A-21D8-A5AF6DCCE74B</importedID>
<nullsAllowed>true</nullsAllowed>
<useDomainConstraints>false</useDomainConstraints>
<use>1</use>
<logicalDatatype>LOGDT024</logicalDatatype>
<dataTypeSize>20 CHAR</dataTypeSize>
<ownDataTypeParameters>20 CHAR,,</ownDataTypeParameters>
<autoIncrementCycle>false</autoIncrementCycle>
</Column>
<Column name="ID_RESTAURANT" id="A507D1A8-1D02-45A6-F71C-3CB8A0C04026">
<createdBy>RAR9</createdBy>
<createdTime>2024-01-16 13:52:52 UTC</createdTime>
<ownerDesignName>4_CC2_Groupe8_MPD_DM2</ownerDesignName>
<importedID>15682FFC-9FA4-7165-F62B-2967D328D8D4</importedID>
<nullsAllowed>true</nullsAllowed>
<useDomainConstraints>false</useDomainConstraints>
<use>1</use>
<logicalDatatype>LOGDT019</logicalDatatype>
<ownDataTypeParameters>,,</ownDataTypeParameters>
<autoIncrementCycle>false</autoIncrementCycle>
</Column>
<Column name="CODE_RESTAURANT" id="B5977EA8-76DD-60BC-F74E-FF9EE6B92674">
<createdBy>RAR9</createdBy>
<createdTime>2024-01-16 13:52:52 UTC</createdTime>
<ownerDesignName>4_CC2_Groupe8_MPD_DM2</ownerDesignName>
<importedID>E8AA354D-B46D-BA9F-2534-9FCB1AFD3664</importedID>
<nullsAllowed>true</nullsAllowed>
<useDomainConstraints>false</useDomainConstraints>
<use>1</use>
<logicalDatatype>LOGDT024</logicalDatatype>
<dataTypeSize>5 CHAR</dataTypeSize>
<ownDataTypeParameters>5 CHAR,,</ownDataTypeParameters>
<autoIncrementCycle>false</autoIncrementCycle>
</Column>
<Column name="RAISON_SOCIALE_RESTAURANT" id="DE29B6B2-7ED2-6C21-9613-DC14951F29BB">
<createdBy>RAR9</createdBy>
<createdTime>2024-01-16 13:52:52 UTC</createdTime>
<ownerDesignName>4_CC2_Groupe8_MPD_DM2</ownerDesignName>
<importedID>209FD9D0-EE88-A3E5-6F52-F4B48B101402</importedID>
<nullsAllowed>true</nullsAllowed>
<useDomainConstraints>false</useDomainConstraints>
<use>1</use>
<logicalDatatype>LOGDT024</logicalDatatype>
<dataTypeSize>100 CHAR</dataTypeSize>
<ownDataTypeParameters>100 CHAR,,</ownDataTypeParameters>
<autoIncrementCycle>false</autoIncrementCycle>
</Column>
<Column name="ID_ADRESSE_NORM_RESTAURANT" id="ED4EC323-F5B0-68D9-F79B-A40E61F05C38">
<createdBy>RAR9</createdBy>
<createdTime>2024-01-16 13:52:52 UTC</createdTime>
<ownerDesignName>4_CC2_Groupe8_MPD_DM2</ownerDesignName>
<importedID>577E971B-9B8C-6C83-6A98-918DEBC5604D</importedID>
<nullsAllowed>true</nullsAllowed>
<useDomainConstraints>false</useDomainConstraints>
<use>1</use>
<logicalDatatype>LOGDT019</logicalDatatype>
<ownDataTypeParameters>,,</ownDataTypeParameters>
<autoIncrementCycle>false</autoIncrementCycle>
</Column>
<Column name="NUMERO_VOIE_RESTAURANT" id="A8F68756-195F-187A-6297-FAE6FFB0FC6F">
<createdBy>RAR9</createdBy>
<createdTime>2024-01-16 13:52:52 UTC</createdTime>
<ownerDesignName>4_CC2_Groupe8_MPD_DM2</ownerDesignName>
<importedID>B06A8853-2E2D-4F05-33BD-E970CC678FEA</importedID>
<nullsAllowed>true</nullsAllowed>
<useDomainConstraints>false</useDomainConstraints>
<use>1</use>
<logicalDatatype>LOGDT024</logicalDatatype>
<dataTypeSize>10 CHAR</dataTypeSize>
<ownDataTypeParameters>10 CHAR,,</ownDataTypeParameters>
<autoIncrementCycle>false</autoIncrementCycle>
</Column>
<Column name="NOM_VOIE_RESTAURANT" id="4B326DED-847B-86B5-BA0A-59C085D53DAC">
<createdBy>RAR9</createdBy>
<createdTime>2024-01-16 13:52:52 UTC</createdTime>
<ownerDesignName>4_CC2_Groupe8_MPD_DM2</ownerDesignName>
<importedID>2F5B8995-3FA0-3104-D848-BF4442EAA561</importedID>
<nullsAllowed>true</nullsAllowed>
<useDomainConstraints>false</useDomainConstraints>
<use>1</use>
<logicalDatatype>LOGDT024</logicalDatatype>
<dataTypeSize>100 CHAR</dataTypeSize>
<ownDataTypeParameters>100 CHAR,,</ownDataTypeParameters>
<autoIncrementCycle>false</autoIncrementCycle>
</Column>
<Column name="CODE_POSTAL_RESTAURANT" id="82A7CC06-0F1B-07E7-376F-0EA0A9D00362">
<createdBy>RAR9</createdBy>
<createdTime>2024-01-16 13:52:52 UTC</createdTime>
<ownerDesignName>4_CC2_Groupe8_MPD_DM2</ownerDesignName>
<importedID>C423ABC3-FC01-278A-3610-EDE2E5FECF88</importedID>
<nullsAllowed>true</nullsAllowed>
<useDomainConstraints>false</useDomainConstraints>
<use>1</use>
<logicalDatatype>LOGDT024</logicalDatatype>
<dataTypeSize>5 CHAR</dataTypeSize>
<ownDataTypeParameters>5 CHAR,,</ownDataTypeParameters>
<autoIncrementCycle>false</autoIncrementCycle>
</Column>
<Column name="NOM_VILLE_RESTAURANT" id="61905339-0B6B-A8E4-7051-82E221545BAD">
<createdBy>RAR9</createdBy>
<createdTime>2024-01-16 13:52:52 UTC</createdTime>
<ownerDesignName>4_CC2_Groupe8_MPD_DM2</ownerDesignName>
<importedID>E36C6688-9F96-30F6-7A10-E292E311AF20</importedID>
<nullsAllowed>true</nullsAllowed>
<useDomainConstraints>false</useDomainConstraints>
<use>1</use>
<logicalDatatype>LOGDT024</logicalDatatype>
<dataTypeSize>100 CHAR</dataTypeSize>
<ownDataTypeParameters>100 CHAR,,</ownDataTypeParameters>
<autoIncrementCycle>false</autoIncrementCycle>
</Column>
<Column name="LONGITUDE_RESTAURANT" id="085E672D-CF20-91E2-607E-194EBD682198">
<createdBy>RAR9</createdBy>
<createdTime>2024-01-16 13:52:52 UTC</createdTime>
<ownerDesignName>4_CC2_Groupe8_MPD_DM2</ownerDesignName>
<importedID>4CF63F02-8B77-E538-DE2F-2D9366D84B93</importedID>
<nullsAllowed>true</nullsAllowed>
<useDomainConstraints>false</useDomainConstraints>
<use>1</use>
<logicalDatatype>LOGDT024</logicalDatatype>
<dataTypeSize>20 CHAR</dataTypeSize>
<ownDataTypeParameters>20 CHAR,,</ownDataTypeParameters>
<autoIncrementCycle>false</autoIncrementCycle>
</Column>
<Column name="LATITUDE_RESTAURANT" id="59ABA605-4AC2-C2CD-482A-3ED9E0B06C21">
<createdBy>RAR9</createdBy>
<createdTime>2024-01-16 13:52:52 UTC</createdTime>
<ownerDesignName>4_CC2_Groupe8_MPD_DM2</ownerDesignName>
<importedID>4FB255E3-B39E-99BA-1245-F1B95F9188AF</importedID>
<nullsAllowed>true</nullsAllowed>
<useDomainConstraints>false</useDomainConstraints>
<use>1</use>
<logicalDatatype>LOGDT024</logicalDatatype>
<dataTypeSize>20 CHAR</dataTypeSize>
<ownDataTypeParameters>20 CHAR,,</ownDataTypeParameters>
<autoIncrementCycle>false</autoIncrementCycle>
</Column>
<Column name="ID_MENU" id="1822B117-8302-7913-D8CD-7330DAFFB84D">
<createdBy>RAR9</createdBy>
<createdTime>2024-01-16 13:52:52 UTC</createdTime>
<ownerDesignName>4_CC2_Groupe8_MPD_DM2</ownerDesignName>
<importedID>A13DA2D5-4DC8-5AC4-72FE-3E7791CD0BF9</importedID>
<nullsAllowed>true</nullsAllowed>
<useDomainConstraints>false</useDomainConstraints>
<use>1</use>
<logicalDatatype>LOGDT019</logicalDatatype>
<ownDataTypeParameters>,,</ownDataTypeParameters>
<autoIncrementCycle>false</autoIncrementCycle>
</Column>
<Column name="CODE_MENU" id="8D0389CD-15DB-47B9-866E-EF23D51D0637">
<createdBy>RAR9</createdBy>
<createdTime>2024-01-16 13:52:52 UTC</createdTime>
<ownerDesignName>4_CC2_Groupe8_MPD_DM2</ownerDesignName>
<importedID>602EF8C0-0079-59A0-A545-67D44EF867A3</importedID>
<nullsAllowed>true</nullsAllowed>
<useDomainConstraints>false</useDomainConstraints>
<use>1</use>
<logicalDatatype>LOGDT024</logicalDatatype>
<dataTypeSize>5 CHAR</dataTypeSize>
<ownDataTypeParameters>5 CHAR,,</ownDataTypeParameters>
<autoIncrementCycle>false</autoIncrementCycle>
</Column>
<Column name="LIBELLE_MENU" id="CE378E0A-F055-AB9A-3307-00BE597622DE">
<createdBy>RAR9</createdBy>
<createdTime>2024-01-16 13:52:52 UTC</createdTime>
<ownerDesignName>4_CC2_Groupe8_MPD_DM2</ownerDesignName>
<importedID>5281156D-85D8-2178-E0EB-30E30CB7421D</importedID>
<nullsAllowed>true</nullsAllowed>
<useDomainConstraints>false</useDomainConstraints>
<use>1</use>
<logicalDatatype>LOGDT024</logicalDatatype>
<dataTypeSize>100 CHAR</dataTypeSize>
<ownDataTypeParameters>100 CHAR,,</ownDataTypeParameters>
<autoIncrementCycle>false</autoIncrementCycle>
</Column>
<Column name="NOMBRE_ARTICLES" id="3397918C-66D3-FDF3-6166-828282756479">
<createdBy>RAR9</createdBy>
<createdTime>2024-01-16 13:52:52 UTC</createdTime>
<ownerDesignName>4_CC2_Groupe8_MPD_DM2</ownerDesignName>
<importedID>9A130948-D316-9D0C-889D-5CAC044BDC25</importedID>
<nullsAllowed>true</nullsAllowed>
<useDomainConstraints>false</useDomainConstraints>
<use>1</use>
<logicalDatatype>LOGDT019</logicalDatatype>
<ownDataTypeParameters>,,</ownDataTypeParameters>
<autoIncrementCycle>false</autoIncrementCycle>
</Column>
<Column name="TEMPS_THEO_PREPARATION" id="D4B02FD6-BE1B-D4C1-C43E-3F2485B72ED4">
<createdBy>RAR9</createdBy>
<createdTime>2024-01-16 13:52:52 UTC</createdTime>
<ownerDesignName>4_CC2_Groupe8_MPD_DM2</ownerDesignName>
<importedID>C10022C0-5DE5-5081-8E83-701C79B40C95</importedID>
<nullsAllowed>true</nullsAllowed>
<useDomainConstraints>false</useDomainConstraints>
<use>1</use>
<logicalDatatype>LogDes-1768A872-F385-FDBA-D95E-0CB63F5908E2@LOGDT10045</logicalDatatype>
<ownDataTypeParameters>,,</ownDataTypeParameters>
<autoIncrementCycle>false</autoIncrementCycle>
</Column>
<Column name="ID_LIVRAISON" id="1F44EAA6-608C-609E-8A38-46C78789DBB5">
<createdBy>RAR9</createdBy>
<createdTime>2024-01-16 13:52:52 UTC</createdTime>
<ownerDesignName>4_CC2_Groupe8_MPD_DM2</ownerDesignName>
<importedID>CEF4013E-81AF-A48A-C580-611DAD4920AB</importedID>
<nullsAllowed>true</nullsAllowed>
<useDomainConstraints>false</useDomainConstraints>
<use>1</use>
<logicalDatatype>LOGDT019</logicalDatatype>
<ownDataTypeParameters>,,</ownDataTypeParameters>
<autoIncrementCycle>false</autoIncrementCycle>
</Column>
<Column name="NUMERO_LIVRAISON" id="1C8862D8-15F3-33BB-C6A0-7233532C6B9F">
<createdBy>RAR9</createdBy>
<createdTime>2024-01-16 13:52:52 UTC</createdTime>
<ownerDesignName>4_CC2_Groupe8_MPD_DM2</ownerDesignName>
<importedID>B73ED048-235B-1290-E073-982DC99FE496</importedID>
<nullsAllowed>true</nullsAllowed>
<useDomainConstraints>false</useDomainConstraints>
<use>1</use>
<logicalDatatype>LOGDT019</logicalDatatype>
<ownDataTypeParameters>,,</ownDataTypeParameters>
<autoIncrementCycle>false</autoIncrementCycle>
</Column>
<Column name="DATE_DEBUT_LIVRAISON" id="5784B104-B013-4945-0776-C62650794A53">
<createdBy>RAR9</createdBy>
<createdTime>2024-01-16 13:52:52 UTC</createdTime>
<ownerDesignName>4_CC2_Groupe8_MPD_DM2</ownerDesignName>
<importedID>AF25A827-AD8B-E49A-739D-0F2B38D2EE79</importedID>
<nullsAllowed>true</nullsAllowed>
<useDomainConstraints>false</useDomainConstraints>
<use>1</use>
<logicalDatatype>LOGDT008</logicalDatatype>
<ownDataTypeParameters>,,</ownDataTypeParameters>
<autoIncrementCycle>false</autoIncrementCycle>
</Column>
<Column name="DATE_FIN_LIVRAISON" id="1B41CDAA-93C4-0802-3CEA-FBDE3B090A92">
<createdBy>RAR9</createdBy>
<createdTime>2024-01-16 13:52:52 UTC</createdTime>
<ownerDesignName>4_CC2_Groupe8_MPD_DM2</ownerDesignName>
<importedID>81B20E47-FDBC-E5B4-B801-83C3113C42E8</importedID>
<nullsAllowed>true</nullsAllowed>
<useDomainConstraints>false</useDomainConstraints>
<use>1</use>
<logicalDatatype>LOGDT008</logicalDatatype>
<ownDataTypeParameters>,,</ownDataTypeParameters>
<autoIncrementCycle>false</autoIncrementCycle>
</Column>
<Column name="NOMBRE_ARTICLE_LIVRES" id="41C984B4-A3C7-670D-D758-01837C05B183">
<createdBy>RAR9</createdBy>
<createdTime>2024-01-16 13:52:52 UTC</createdTime>
<ownerDesignName>4_CC2_Groupe8_MPD_DM2</ownerDesignName>
<importedID>3D037D43-3CC6-3DBC-BB09-FD1955EDF97C</importedID>
<nullsAllowed>true</nullsAllowed>
<useDomainConstraints>false</useDomainConstraints>
<use>1</use>
<logicalDatatype>LOGDT019</logicalDatatype>
<ownDataTypeParameters>,,</ownDataTypeParameters>
<autoIncrementCycle>false</autoIncrementCycle>
</Column>
<Column name="TYPE_REJET" id="D851175F-C05D-B33E-1F3F-4A24401818EB">
<createdBy>RAR9</createdBy>
<createdTime>2024-01-16 13:52:52 UTC</createdTime>
<ownerDesignName>4_CC2_Groupe8_MPD_DM2</ownerDesignName>
<importedID>AD551C56-3FF2-F2AD-3DBD-3C1923217ACD</importedID>
<nullsAllowed>true</nullsAllowed>
<useDomainConstraints>false</useDomainConstraints>
<use>1</use>
<logicalDatatype>LOGDT024</logicalDatatype>
<dataTypeSize>50 CHAR</dataTypeSize>
<ownDataTypeParameters>50 CHAR,,</ownDataTypeParameters>
<autoIncrementCycle>false</autoIncrementCycle>
</Column>
<Column name="MESSAGE_LOG" id="8957CA09-9672-47AA-41C8-D440D1CCD795">
<createdBy>RAR9</createdBy>
<createdTime>2024-01-16 13:52:52 UTC</createdTime>
<ownerDesignName>4_CC2_Groupe8_MPD_DM2</ownerDesignName>
<importedID>DB954A31-21C6-4AF8-A234-4CC1696B4E05</importedID>
<nullsAllowed>true</nullsAllowed>
<useDomainConstraints>false</useDomainConstraints>
<use>1</use>
<logicalDatatype>LOGDT024</logicalDatatype>
<dataTypeSize>100 CHAR</dataTypeSize>
<ownDataTypeParameters>100 CHAR,,</ownDataTypeParameters>
<autoIncrementCycle>false</autoIncrementCycle>
</Column>
</columns>
<indexes itemClass="oracle.dbtools.crest.model.design.relational.Index">
<ind_PK_UK id="87C17030-DF7D-ED63-EF10-027088FD3085" name="dm2_rejet_PK">
<createdBy>RAR9</createdBy>
<createdTime>2024-01-16 13:52:52 UTC</createdTime>
<ownerDesignName>4_CC2_Groupe8_MPD_DM2</ownerDesignName>
<importedID>C170705E-A129-CBBA-232F-CCDCF3FAFC78</importedID>
<pk>true</pk>
<indexState>Primary Constraint</indexState>
<isSurrogateKey>false</isSurrogateKey>
<indexColumnUsage>
<colUsage columnID="022000B5-C0A8-FF57-48E5-58528994A098"/>
</indexColumnUsage>
</ind_PK_UK>
</indexes>
</Table>