<?xml version = '1.0' encoding = 'UTF-8'?>
<Table class="oracle.dbtools.crest.model.design.relational.Table" directorySegmentName="seg_0" id="868F262A-AF93-D96B-B71C-254D2BFAE40E" schemaObject="FC562807-7E27-F0A1-6ABB-0978CF73E6B9" name="dm1_staging">
<createdBy>farie</createdBy>
<createdTime>2024-01-12 16:56:03 UTC</createdTime>
<ownerDesignName>3_CC2_Groupe8_MPD_DM1</ownerDesignName>
<ordsAlias>table_1</ordsAlias>
<allowColumnReorder>false</allowColumnReorder>
<existDependencyGenerateInDDl>true</existDependencyGenerateInDDl>
<parsed>true</parsed>
<columns itemClass="oracle.dbtools.crest.model.design.relational.Column">
<Column name="ID_DM1_STAGING" id="74475F2B-986D-D6D3-F61F-2853CE1920F6">
<createdBy>farie</createdBy>
<createdTime>2024-01-12 17:07:08 UTC</createdTime>
<ownerDesignName>3_CC2_Groupe8_MPD_DM1</ownerDesignName>
<useDomainConstraints>false</useDomainConstraints>
<use>1</use>
<logicalDatatype>LOGDT019</logicalDatatype>
<ownDataTypeParameters>,,</ownDataTypeParameters>
<autoIncrementColumn>true</autoIncrementColumn>
<autoIncrementCycle>false</autoIncrementCycle>
<autoIncrementGenerateTrigger>false</autoIncrementGenerateTrigger>
</Column>
<Column name="ID_COMMANDE" id="5024FC08-47E1-9C5D-5547-E754EFE19B3D">
<createdBy>farie</createdBy>
<createdTime>2024-01-12 17:07:08 UTC</createdTime>
<ownerDesignName>3_CC2_Groupe8_MPD_DM1</ownerDesignName>
<nullsAllowed>true</nullsAllowed>
<useDomainConstraints>false</useDomainConstraints>
<use>1</use>
<logicalDatatype>LOGDT019</logicalDatatype>
<ownDataTypeParameters>,,</ownDataTypeParameters>
<autoIncrementCycle>false</autoIncrementCycle>
</Column>
<Column name="DATE_COMMANDE" id="917B271D-C792-B544-2291-C31E5FE2E0FF">
<createdBy>farie</createdBy>
<createdTime>2024-01-12 17:07:08 UTC</createdTime>
<ownerDesignName>3_CC2_Groupe8_MPD_DM1</ownerDesignName>
<nullsAllowed>true</nullsAllowed>
<useDomainConstraints>false</useDomainConstraints>
<use>1</use>
<logicalDatatype>LOGDT007</logicalDatatype>
<ownDataTypeParameters>,,</ownDataTypeParameters>
<autoIncrementCycle>false</autoIncrementCycle>
</Column>
<Column name="MONTANT_TOTAL" id="6843FC2C-46ED-A92C-35C6-DD2391936ED7">
<createdBy>farie</createdBy>
<createdTime>2024-01-12 17:07:08 UTC</createdTime>
<ownerDesignName>3_CC2_Groupe8_MPD_DM1</ownerDesignName>
<nullsAllowed>true</nullsAllowed>
<useDomainConstraints>false</useDomainConstraints>
<use>1</use>
<logicalDatatype>LOGDT021</logicalDatatype>
<ownDataTypeParameters>,,</ownDataTypeParameters>
<autoIncrementCycle>false</autoIncrementCycle>
</Column>
<Column name="ID_CLIENT" id="515D5BEA-5EE8-EBCE-6A22-F550B205FA9E">
<createdBy>farie</createdBy>
<createdTime>2024-01-12 17:07:08 UTC</createdTime>
<ownerDesignName>3_CC2_Groupe8_MPD_DM1</ownerDesignName>
<nullsAllowed>true</nullsAllowed>
<useDomainConstraints>false</useDomainConstraints>
<use>1</use>
<logicalDatatype>LOGDT019</logicalDatatype>
<ownDataTypeParameters>,,</ownDataTypeParameters>
<autoIncrementCycle>false</autoIncrementCycle>
</Column>
<Column name="NOM_CLIENT" id="3390F98F-AF22-3465-1F45-16042E14A889">
<createdBy>farie</createdBy>
<createdTime>2024-01-12 17:28:00 UTC</createdTime>
<ownerDesignName>3_CC2_Groupe8_MPD_DM1</ownerDesignName>
<nullsAllowed>true</nullsAllowed>
<useDomainConstraints>false</useDomainConstraints>
<use>1</use>
<logicalDatatype>LOGDT024</logicalDatatype>
<dataTypeSize>100</dataTypeSize>
<ownDataTypeParameters>100,,</ownDataTypeParameters>
<autoIncrementCycle>false</autoIncrementCycle>
</Column>
<Column name="PRENOM_CLIENT" id="2695C715-2BA4-2571-2DD3-A3E4A055D6EC">
<createdBy>farie</createdBy>
<createdTime>2024-01-12 17:28:00 UTC</createdTime>
<ownerDesignName>3_CC2_Groupe8_MPD_DM1</ownerDesignName>
<nullsAllowed>true</nullsAllowed>
<useDomainConstraints>false</useDomainConstraints>
<use>1</use>
<logicalDatatype>LOGDT024</logicalDatatype>
<dataTypeSize>100</dataTypeSize>
<ownDataTypeParameters>100,,</ownDataTypeParameters>
<autoIncrementCycle>false</autoIncrementCycle>
</Column>
<Column name="ID_RESTAURANT" id="B9146136-F4A2-8537-28C9-0DEA48A6F009">
<createdBy>farie</createdBy>
<createdTime>2024-01-12 17:28:00 UTC</createdTime>
<ownerDesignName>3_CC2_Groupe8_MPD_DM1</ownerDesignName>
<nullsAllowed>true</nullsAllowed>
<useDomainConstraints>false</useDomainConstraints>
<use>1</use>
<logicalDatatype>LOGDT019</logicalDatatype>
<ownDataTypeParameters>,,</ownDataTypeParameters>
<autoIncrementCycle>false</autoIncrementCycle>
</Column>
<Column name="CODE_RESTAURANT" id="AFD38A06-65E3-3FAE-E6A3-88D2652D5608">
<createdBy>farie</createdBy>
<createdTime>2024-01-12 17:28:00 UTC</createdTime>
<ownerDesignName>3_CC2_Groupe8_MPD_DM1</ownerDesignName>
<nullsAllowed>true</nullsAllowed>
<useDomainConstraints>false</useDomainConstraints>
<use>1</use>
<logicalDatatype>LOGDT024</logicalDatatype>
<dataTypeSize>6</dataTypeSize>
<ownDataTypeParameters>6,,</ownDataTypeParameters>
<autoIncrementCycle>false</autoIncrementCycle>
</Column>
<Column name="RAISON_SOCIALE_RESTAURANT" id="072FA2FF-556D-3666-CDA5-104AD2E8D4F8">
<createdBy>farie</createdBy>
<createdTime>2024-01-18 19:47:56 UTC</createdTime>
<ownerDesignName>3_CC2_Groupe8_MPD_DM1</ownerDesignName>
<nullsAllowed>true</nullsAllowed>
<useDomainConstraints>false</useDomainConstraints>
<use>1</use>
<logicalDatatype>LOGDT024</logicalDatatype>
<dataTypeSize>100</dataTypeSize>
<ownDataTypeParameters>100,,</ownDataTypeParameters>
<autoIncrementCycle>false</autoIncrementCycle>
</Column>
<Column name="ID_MOYEN_PAIEMENT" id="D7094586-D99A-F20C-3E06-B972F6E610F6">
<createdBy>farie</createdBy>
<createdTime>2024-01-12 17:28:00 UTC</createdTime>
<ownerDesignName>3_CC2_Groupe8_MPD_DM1</ownerDesignName>
<nullsAllowed>true</nullsAllowed>
<useDomainConstraints>false</useDomainConstraints>
<use>1</use>
<logicalDatatype>LOGDT019</logicalDatatype>
<ownDataTypeParameters>,,</ownDataTypeParameters>
<autoIncrementCycle>false</autoIncrementCycle>
</Column>
<Column name="CODE_MOYEN_PAIEMENT" id="BF2D8B6F-2D51-948E-C8E1-E78879BEDA8B">
<createdBy>farie</createdBy>
<createdTime>2024-01-12 17:28:00 UTC</createdTime>
<ownerDesignName>3_CC2_Groupe8_MPD_DM1</ownerDesignName>
<nullsAllowed>true</nullsAllowed>
<useDomainConstraints>false</useDomainConstraints>
<use>1</use>
<logicalDatatype>LOGDT024</logicalDatatype>
<dataTypeSize>6</dataTypeSize>
<ownDataTypeParameters>6,,</ownDataTypeParameters>
<autoIncrementCycle>false</autoIncrementCycle>
</Column>
<Column name="LIBELLE_MOYEN_PAIEMENT" id="16EFD489-5672-A7B8-10AF-01174CA48A72">
<createdBy>farie</createdBy>
<createdTime>2024-01-12 17:28:00 UTC</createdTime>
<ownerDesignName>3_CC2_Groupe8_MPD_DM1</ownerDesignName>
<nullsAllowed>true</nullsAllowed>
<useDomainConstraints>false</useDomainConstraints>
<use>1</use>
<logicalDatatype>LOGDT024</logicalDatatype>
<dataTypeSize>100</dataTypeSize>
<ownDataTypeParameters>100,,</ownDataTypeParameters>
<autoIncrementCycle>false</autoIncrementCycle>
</Column>
<Column name="ID_ADRESSE_NORM_CLIENT" id="F473156D-1235-A09C-186D-9B8686CF8C72">
<createdBy>farie</createdBy>
<createdTime>2024-01-12 17:28:00 UTC</createdTime>
<ownerDesignName>3_CC2_Groupe8_MPD_DM1</ownerDesignName>
<nullsAllowed>true</nullsAllowed>
<useDomainConstraints>false</useDomainConstraints>
<use>1</use>
<logicalDatatype>LOGDT019</logicalDatatype>
<ownDataTypeParameters>,,</ownDataTypeParameters>
<autoIncrementCycle>false</autoIncrementCycle>
</Column>
<Column name="NUMERO_VOIE_CLIENT" id="7B2DECA9-FC1B-6958-8A55-23527BCFE1D3">
<createdBy>farie</createdBy>
<createdTime>2024-01-12 17:28:00 UTC</createdTime>
<ownerDesignName>3_CC2_Groupe8_MPD_DM1</ownerDesignName>
<nullsAllowed>true</nullsAllowed>
<useDomainConstraints>false</useDomainConstraints>
<use>1</use>
<logicalDatatype>LOGDT024</logicalDatatype>
<dataTypeSize>10</dataTypeSize>
<ownDataTypeParameters>10,,</ownDataTypeParameters>
<autoIncrementCycle>false</autoIncrementCycle>
</Column>
<Column name="NOM_VOIE_CLIENT" id="6DA2A7D5-4626-1BD8-145E-57A515DF1CF2">
<createdBy>farie</createdBy>
<createdTime>2024-01-12 17:28:00 UTC</createdTime>
<ownerDesignName>3_CC2_Groupe8_MPD_DM1</ownerDesignName>
<nullsAllowed>true</nullsAllowed>
<useDomainConstraints>false</useDomainConstraints>
<use>1</use>
<logicalDatatype>LOGDT024</logicalDatatype>
<dataTypeSize>100</dataTypeSize>
<ownDataTypeParameters>100,,</ownDataTypeParameters>
<autoIncrementCycle>false</autoIncrementCycle>
</Column>
<Column name="CODE_POSTAL_CLIENT" id="D1810B9E-09F9-1CF7-4317-FED069F0BF89">
<createdBy>farie</createdBy>
<createdTime>2024-01-12 17:28:00 UTC</createdTime>
<ownerDesignName>3_CC2_Groupe8_MPD_DM1</ownerDesignName>
<nullsAllowed>true</nullsAllowed>
<useDomainConstraints>false</useDomainConstraints>
<use>1</use>
<logicalDatatype>LOGDT024</logicalDatatype>
<dataTypeSize>10</dataTypeSize>
<ownDataTypeParameters>10,,</ownDataTypeParameters>
<autoIncrementCycle>false</autoIncrementCycle>
</Column>
<Column name="NOM_VILLE_CLIENT" id="60732AF3-3E61-0928-33A5-3979355D2928">
<createdBy>farie</createdBy>
<createdTime>2024-01-12 17:28:00 UTC</createdTime>
<ownerDesignName>3_CC2_Groupe8_MPD_DM1</ownerDesignName>
<nullsAllowed>true</nullsAllowed>
<useDomainConstraints>false</useDomainConstraints>
<use>1</use>
<logicalDatatype>LOGDT024</logicalDatatype>
<dataTypeSize>100</dataTypeSize>
<ownDataTypeParameters>100,,</ownDataTypeParameters>
<autoIncrementCycle>false</autoIncrementCycle>
</Column>
<Column name="LONGITUDE_CLIENT" id="E3A156D4-B05A-A7FA-6319-E2F748350A19">
<createdBy>farie</createdBy>
<createdTime>2024-01-12 17:28:00 UTC</createdTime>
<ownerDesignName>3_CC2_Groupe8_MPD_DM1</ownerDesignName>
<nullsAllowed>true</nullsAllowed>
<useDomainConstraints>false</useDomainConstraints>
<use>1</use>
<logicalDatatype>LOGDT024</logicalDatatype>
<dataTypeSize>20</dataTypeSize>
<ownDataTypeParameters>20,,</ownDataTypeParameters>
<autoIncrementCycle>false</autoIncrementCycle>
</Column>
<Column name="LATITUDE_CLIENT" id="ECE2B88A-CD82-F212-4C21-584367FEA5D9">
<createdBy>farie</createdBy>
<createdTime>2024-01-12 17:28:00 UTC</createdTime>
<ownerDesignName>3_CC2_Groupe8_MPD_DM1</ownerDesignName>
<nullsAllowed>true</nullsAllowed>
<useDomainConstraints>false</useDomainConstraints>
<use>1</use>
<logicalDatatype>LOGDT024</logicalDatatype>
<dataTypeSize>20</dataTypeSize>
<ownDataTypeParameters>20,,</ownDataTypeParameters>
<autoIncrementCycle>false</autoIncrementCycle>
</Column>
<Column name="ID_ADRESSE_NORM_RESTAURANT" id="4347EAE2-5546-E922-B0CE-0427F2414C9B">
<createdBy>farie</createdBy>
<createdTime>2024-01-12 17:28:00 UTC</createdTime>
<ownerDesignName>3_CC2_Groupe8_MPD_DM1</ownerDesignName>
<nullsAllowed>true</nullsAllowed>
<useDomainConstraints>false</useDomainConstraints>
<use>1</use>
<logicalDatatype>LOGDT019</logicalDatatype>
<ownDataTypeParameters>,,</ownDataTypeParameters>
<autoIncrementCycle>false</autoIncrementCycle>
</Column>
<Column name="NUMERO_VOIE_RESTAURANT" id="84270317-A04D-174A-ECB1-27B3B857E94B">
<createdBy>farie</createdBy>
<createdTime>2024-01-12 17:28:00 UTC</createdTime>
<ownerDesignName>3_CC2_Groupe8_MPD_DM1</ownerDesignName>
<nullsAllowed>true</nullsAllowed>
<useDomainConstraints>false</useDomainConstraints>
<use>1</use>
<logicalDatatype>LOGDT024</logicalDatatype>
<dataTypeSize>10</dataTypeSize>
<ownDataTypeParameters>10,,</ownDataTypeParameters>
<autoIncrementCycle>false</autoIncrementCycle>
</Column>
<Column name="NOM_VOIE_RESTAURANT" id="27F3B73D-1719-D864-4231-8231A662E246">
<createdBy>farie</createdBy>
<createdTime>2024-01-12 17:28:00 UTC</createdTime>
<ownerDesignName>3_CC2_Groupe8_MPD_DM1</ownerDesignName>
<nullsAllowed>true</nullsAllowed>
<useDomainConstraints>false</useDomainConstraints>
<use>1</use>
<logicalDatatype>LOGDT024</logicalDatatype>
<dataTypeSize>100</dataTypeSize>
<ownDataTypeParameters>100,,</ownDataTypeParameters>
<autoIncrementCycle>false</autoIncrementCycle>
</Column>
<Column name="CODE_POSTAL_RESTAURANT" id="6827885E-0C03-B48A-D280-59F4A3E0AA95">
<createdBy>farie</createdBy>
<createdTime>2024-01-12 17:28:00 UTC</createdTime>
<ownerDesignName>3_CC2_Groupe8_MPD_DM1</ownerDesignName>
<nullsAllowed>true</nullsAllowed>
<useDomainConstraints>false</useDomainConstraints>
<use>1</use>
<logicalDatatype>LOGDT024</logicalDatatype>
<dataTypeSize>5</dataTypeSize>
<ownDataTypeParameters>5,,</ownDataTypeParameters>
<autoIncrementCycle>false</autoIncrementCycle>
</Column>
<Column name="NOM_VILLE_RESTAURANT" id="04D0E105-ACFC-DF3F-D6E1-776485098102">
<createdBy>farie</createdBy>
<createdTime>2024-01-12 17:28:00 UTC</createdTime>
<ownerDesignName>3_CC2_Groupe8_MPD_DM1</ownerDesignName>
<nullsAllowed>true</nullsAllowed>
<useDomainConstraints>false</useDomainConstraints>
<use>1</use>
<logicalDatatype>LOGDT024</logicalDatatype>
<dataTypeSize>100</dataTypeSize>
<ownDataTypeParameters>100,,</ownDataTypeParameters>
<autoIncrementCycle>false</autoIncrementCycle>
</Column>
<Column name="LONGITUDE_RESTAURANT" id="998AC519-54E5-8AE6-1E87-EF3B10E9B999">
<createdBy>farie</createdBy>
<createdTime>2024-01-12 17:28:00 UTC</createdTime>
<ownerDesignName>3_CC2_Groupe8_MPD_DM1</ownerDesignName>
<nullsAllowed>true</nullsAllowed>
<useDomainConstraints>false</useDomainConstraints>
<use>1</use>
<logicalDatatype>LOGDT024</logicalDatatype>
<dataTypeSize>20</dataTypeSize>
<ownDataTypeParameters>20,,</ownDataTypeParameters>
<autoIncrementCycle>false</autoIncrementCycle>
</Column>
<Column name="LATITUDE_RESTAURANT" id="E09E04EA-E936-8DCE-5424-0EBFB0DAEFD5">
<createdBy>farie</createdBy>
<createdTime>2024-01-12 17:28:00 UTC</createdTime>
<ownerDesignName>3_CC2_Groupe8_MPD_DM1</ownerDesignName>
<nullsAllowed>true</nullsAllowed>
<useDomainConstraints>false</useDomainConstraints>
<use>1</use>
<logicalDatatype>LOGDT024</logicalDatatype>
<dataTypeSize>20</dataTypeSize>
<ownDataTypeParameters>20,,</ownDataTypeParameters>
<autoIncrementCycle>false</autoIncrementCycle>
</Column>
<Column name="ID_PREPARATION" id="14A3EF23-4AAA-F654-34EB-BD456F9B56B1">
<createdBy>farie</createdBy>
<createdTime>2024-01-12 17:28:00 UTC</createdTime>
<ownerDesignName>3_CC2_Groupe8_MPD_DM1</ownerDesignName>
<nullsAllowed>true</nullsAllowed>
<useDomainConstraints>false</useDomainConstraints>
<use>1</use>
<logicalDatatype>LOGDT019</logicalDatatype>
<ownDataTypeParameters>,,</ownDataTypeParameters>
<autoIncrementCycle>false</autoIncrementCycle>
</Column>
<Column name="DATE_DEBUT_PREPARATION" id="76D3DA11-65B2-E3AF-00CB-9D5AD96BC694">
<createdBy>farie</createdBy>
<createdTime>2024-01-12 17:28:00 UTC</createdTime>
<ownerDesignName>3_CC2_Groupe8_MPD_DM1</ownerDesignName>
<nullsAllowed>true</nullsAllowed>
<useDomainConstraints>false</useDomainConstraints>
<use>1</use>
<logicalDatatype>LOGDT007</logicalDatatype>
<ownDataTypeParameters>,,</ownDataTypeParameters>
<autoIncrementCycle>false</autoIncrementCycle>
</Column>
<Column name="DATE_FIN_PREPARATION" id="4725029B-B20C-E9EE-8FED-4EF6EF2E5F0C">
<createdBy>farie</createdBy>
<createdTime>2024-01-12 17:28:00 UTC</createdTime>
<ownerDesignName>3_CC2_Groupe8_MPD_DM1</ownerDesignName>
<nullsAllowed>true</nullsAllowed>
<useDomainConstraints>false</useDomainConstraints>
<use>1</use>
<logicalDatatype>LOGDT007</logicalDatatype>
<ownDataTypeParameters>,,</ownDataTypeParameters>
<autoIncrementCycle>false</autoIncrementCycle>
</Column>
<Column name="TEMPS_THEO_PREPARATION" id="C9CED8EC-4A6D-0EC8-7581-C85B71A247B9">
<createdBy>root</createdBy>
<createdTime>2024-01-19 11:00:34 UTC</createdTime>
<ownerDesignName>3_CC2_Groupe8_MPD_DM1</ownerDesignName>
<nullsAllowed>true</nullsAllowed>
<useDomainConstraints>false</useDomainConstraints>
<use>1</use>
<logicalDatatype>LogDes-1768A872-F385-FDBA-D95E-0CB63F5908E2@LOGDT10045</logicalDatatype>
<ownDataTypeParameters>,,</ownDataTypeParameters>
<autoIncrementCycle>false</autoIncrementCycle>
</Column>
<Column name="NUMERO_COMMANDE" id="48888507-1241-AB75-C3CA-EB43F7216CE9">
<createdBy>root</createdBy>
<createdTime>2024-01-21 22:28:09 UTC</createdTime>
<ownerDesignName>3_CC2_Groupe8_MPD_DM1</ownerDesignName>
<nullsAllowed>true</nullsAllowed>
<useDomainConstraints>false</useDomainConstraints>
<use>1</use>
<logicalDatatype>LOGDT011</logicalDatatype>
<ownDataTypeParameters>,,</ownDataTypeParameters>
<autoIncrementCycle>false</autoIncrementCycle>
</Column>
</columns>
<indexes itemClass="oracle.dbtools.crest.model.design.relational.Index">
<ind_PK_UK id="A6ED728A-9AD0-9F00-90F0-DA83C3F98C4F" name="dm1_staging_PK">
<createdBy>farie</createdBy>
<createdTime>2024-01-12 17:07:08 UTC</createdTime>
<ownerDesignName>3_CC2_Groupe8_MPD_DM1</ownerDesignName>
<pk>true</pk>
<indexState>Primary Constraint</indexState>
<isSurrogateKey>false</isSurrogateKey>
<indexColumnUsage>
<colUsage columnID="74475F2B-986D-D6D3-F61F-2853CE1920F6"/>
</indexColumnUsage>
</ind_PK_UK>
</indexes>
</Table>