<?xml version = '1.0' encoding = 'UTF-8'?>
<Table class="oracle.dbtools.crest.model.design.relational.Table" directorySegmentName="seg_0" id="B4D224A8-37C6-38EF-00A2-211E9643949C" schemaObject="4F505167-573D-11A3-6606-D9512B27E441" name="DIM_ADRESSE_NORM_CLIENT_D">
<createdBy>RAR9</createdBy>
<createdTime>2024-01-16 13:52:52 UTC</createdTime>
<ownerDesignName>4_CC2_Groupe8_MPD_DM2</ownerDesignName>
<importedID>6A8BEF9D-AB3C-8619-88E7-1C222C05FDAD</importedID>
<ordsAlias>table_14</ordsAlias>
<typeID>2</typeID>
<allowColumnReorder>false</allowColumnReorder>
<existDependencyGenerateInDDl>true</existDependencyGenerateInDDl>
<parsed>true</parsed>
<columns itemClass="oracle.dbtools.crest.model.design.relational.Column">
<Column name="ID_ADRESSE_NORM_CLIENT" id="3277C790-2DCB-D258-107E-30534FF2B2CD">
<createdBy>RAR9</createdBy>
<createdTime>2024-01-16 13:52:52 UTC</createdTime>
<ownerDesignName>4_CC2_Groupe8_MPD_DM2</ownerDesignName>
<importedID>9EF5B51C-F2F2-01AD-8769-483D74502DE9</importedID>
<useDomainConstraints>false</useDomainConstraints>
<use>1</use>
<logicalDatatype>LOGDT019</logicalDatatype>
<ownDataTypeParameters>,,</ownDataTypeParameters>
<autoIncrementColumn>true</autoIncrementColumn>
<autoIncrementCycle>false</autoIncrementCycle>
<autoIncrementSequenceName>dim_adresse_client_seq</autoIncrementSequenceName>
<autoIncrementGenerateTrigger>false</autoIncrementGenerateTrigger>
</Column>
<Column name="ID_ADRESSE_NORM_CLIENT_SRC" id="9C274FF3-5605-6D77-CDC5-AA8CCD557529">
<createdBy>RAR9</createdBy>
<createdTime>2024-01-16 13:52:52 UTC</createdTime>
<ownerDesignName>4_CC2_Groupe8_MPD_DM2</ownerDesignName>
<importedID>7588B8EF-FE39-2D98-7D4A-E3FA54C8B262</importedID>
<nullsAllowed>true</nullsAllowed>
<useDomainConstraints>false</useDomainConstraints>
<use>1</use>
<logicalDatatype>LOGDT019</logicalDatatype>
<ownDataTypeParameters>,,</ownDataTypeParameters>
<autoIncrementCycle>false</autoIncrementCycle>
</Column>
<Column name="NUMERO_VOIE_CLIENT" id="E251CCDA-0B4B-B163-5A25-9BD14A8EE8C3">
<createdBy>RAR9</createdBy>
<createdTime>2024-01-16 13:52:52 UTC</createdTime>
<ownerDesignName>4_CC2_Groupe8_MPD_DM2</ownerDesignName>
<importedID>67BA1966-B932-1539-D115-905ECF65E990</importedID>
<nullsAllowed>true</nullsAllowed>
<useDomainConstraints>false</useDomainConstraints>
<use>1</use>
<logicalDatatype>LOGDT024</logicalDatatype>
<dataTypeSize>10 CHAR</dataTypeSize>
<ownDataTypeParameters>10 CHAR,,</ownDataTypeParameters>
<autoIncrementCycle>false</autoIncrementCycle>
</Column>
<Column name="NOM_VOIE_CLIENT" id="566B8A9A-A129-12BD-9329-CB21ECA97CA3">
<createdBy>RAR9</createdBy>
<createdTime>2024-01-16 13:52:52 UTC</createdTime>
<ownerDesignName>4_CC2_Groupe8_MPD_DM2</ownerDesignName>
<importedID>1F03C4BA-0624-5D7E-506A-5D1E2606723D</importedID>
<nullsAllowed>true</nullsAllowed>
<useDomainConstraints>false</useDomainConstraints>
<use>1</use>
<logicalDatatype>LOGDT024</logicalDatatype>
<dataTypeSize>100 CHAR</dataTypeSize>
<ownDataTypeParameters>100 CHAR,,</ownDataTypeParameters>
<autoIncrementCycle>false</autoIncrementCycle>
</Column>
<Column name="CODE_POSTAL_CLIENT" id="3C651FAF-DF07-5357-9A84-081F0C9BDAB2">
<createdBy>RAR9</createdBy>
<createdTime>2024-01-16 13:52:52 UTC</createdTime>
<ownerDesignName>4_CC2_Groupe8_MPD_DM2</ownerDesignName>
<importedID>296F1C17-1B9A-5A1B-D703-F228CCE60665</importedID>
<nullsAllowed>true</nullsAllowed>
<useDomainConstraints>false</useDomainConstraints>
<use>1</use>
<logicalDatatype>LOGDT024</logicalDatatype>
<dataTypeSize>5 CHAR</dataTypeSize>
<ownDataTypeParameters>5 CHAR,,</ownDataTypeParameters>
<autoIncrementCycle>false</autoIncrementCycle>
</Column>
<Column name="NOM_VILLE_CLIENT" id="577E36FD-5CDF-21C4-6B54-256768A74563">
<createdBy>RAR9</createdBy>
<createdTime>2024-01-16 13:52:52 UTC</createdTime>
<ownerDesignName>4_CC2_Groupe8_MPD_DM2</ownerDesignName>
<importedID>21029BBA-9C5E-3CD9-0FE2-8C2D2E9F2C37</importedID>
<nullsAllowed>true</nullsAllowed>
<useDomainConstraints>false</useDomainConstraints>
<use>1</use>
<logicalDatatype>LOGDT024</logicalDatatype>
<dataTypeSize>100 CHAR</dataTypeSize>
<ownDataTypeParameters>100 CHAR,,</ownDataTypeParameters>
<autoIncrementCycle>false</autoIncrementCycle>
</Column>
<Column name="LONGITUDE_CLIENT" id="0E4ACFBB-FE45-5B28-BF8C-FF762108974B">
<createdBy>RAR9</createdBy>
<createdTime>2024-01-16 13:52:52 UTC</createdTime>
<ownerDesignName>4_CC2_Groupe8_MPD_DM2</ownerDesignName>
<importedID>2FF40E28-5958-0A56-F6A2-775073A6F5C0</importedID>
<nullsAllowed>true</nullsAllowed>
<useDomainConstraints>false</useDomainConstraints>
<use>1</use>
<logicalDatatype>LOGDT024</logicalDatatype>
<dataTypeSize>20 CHAR</dataTypeSize>
<ownDataTypeParameters>20 CHAR,,</ownDataTypeParameters>
<autoIncrementCycle>false</autoIncrementCycle>
</Column>
<Column name="LATITUDE_CLIENT" id="C42443F3-0A71-17C6-045B-78BD28A65F6F">
<createdBy>RAR9</createdBy>
<createdTime>2024-01-16 13:52:52 UTC</createdTime>
<ownerDesignName>4_CC2_Groupe8_MPD_DM2</ownerDesignName>
<importedID>9D2E9B25-6B69-5CA2-A5CC-2864F66F1A5A</importedID>
<nullsAllowed>true</nullsAllowed>
<useDomainConstraints>false</useDomainConstraints>
<use>1</use>
<logicalDatatype>LOGDT024</logicalDatatype>
<dataTypeSize>20 CHAR</dataTypeSize>
<ownDataTypeParameters>20 CHAR,,</ownDataTypeParameters>
<autoIncrementCycle>false</autoIncrementCycle>
</Column>
<Column name="DATE_DEBUT" id="7A6698BB-9336-2E57-0701-95233B8C387F">
<createdBy>RAR9</createdBy>
<createdTime>2024-01-17 19:30:29 UTC</createdTime>
<ownerDesignName>4_CC2_Groupe8_MPD_DM2</ownerDesignName>
<nullsAllowed>true</nullsAllowed>
<useDomainConstraints>false</useDomainConstraints>
<use>1</use>
<logicalDatatype>LOGDT007</logicalDatatype>
<ownDataTypeParameters>,,</ownDataTypeParameters>
<autoIncrementCycle>false</autoIncrementCycle>
</Column>
<Column name="DATE_FIN" id="DB9DCE46-0104-2838-390F-D8898FA8B08E">
<createdBy>RAR9</createdBy>
<createdTime>2024-01-17 19:30:29 UTC</createdTime>
<ownerDesignName>4_CC2_Groupe8_MPD_DM2</ownerDesignName>
<nullsAllowed>true</nullsAllowed>
<useDomainConstraints>false</useDomainConstraints>
<use>1</use>
<logicalDatatype>LOGDT007</logicalDatatype>
<ownDataTypeParameters>,,</ownDataTypeParameters>
<autoIncrementCycle>false</autoIncrementCycle>
</Column>
</columns>
<indexes itemClass="oracle.dbtools.crest.model.design.relational.Index">
<ind_PK_UK id="77948D68-AEAE-42F8-B793-B17FED50E5F5" name="DIM_ADRESSE_NORM_CLIENT_PK">
<createdBy>RAR9</createdBy>
<createdTime>2024-01-16 13:52:52 UTC</createdTime>
<ownerDesignName>4_CC2_Groupe8_MPD_DM2</ownerDesignName>
<importedID>86465C1B-6601-ECB1-85ED-10314B95F407</importedID>
<pk>true</pk>
<indexState>Primary Constraint</indexState>
<isSurrogateKey>false</isSurrogateKey>
<indexColumnUsage>
<colUsage columnID="3277C790-2DCB-D258-107E-30534FF2B2CD"/>
</indexColumnUsage>
</ind_PK_UK>
</indexes>
</Table>