<?xml version = '1.0' encoding = 'UTF-8'?>
<Table class="oracle.dbtools.crest.model.design.relational.Table" directorySegmentName="seg_0" id="C3200AA9-6F70-373A-5A54-0FA50F2EFA20" schemaObject="4F505167-573D-11A3-6606-D9512B27E441" name="FAIT_LIVRAISON_F">
<createdBy>RAR9</createdBy>
<createdTime>2024-01-16 13:52:52 UTC</createdTime>
<ownerDesignName>4_CC2_Groupe8_MPD_DM2</ownerDesignName>
<importedID>F54D59F0-2BEC-FE0C-32A3-F99BF16A495D</importedID>
<ordsAlias>table_5</ordsAlias>
<typeID>1</typeID>
<allowColumnReorder>false</allowColumnReorder>
<existDependencyGenerateInDDl>true</existDependencyGenerateInDDl>
<parsed>true</parsed>
<columns itemClass="oracle.dbtools.crest.model.design.relational.Column">
<Column name="ID_LIVRAISON" id="173A8192-5D56-FEDC-013C-6CEB70283D44">
<createdBy>RAR9</createdBy>
<createdTime>2024-01-16 13:52:52 UTC</createdTime>
<ownerDesignName>4_CC2_Groupe8_MPD_DM2</ownerDesignName>
<importedID>C9D8B591-7481-66E4-8E69-3603C38C6861</importedID>
<useDomainConstraints>false</useDomainConstraints>
<use>1</use>
<logicalDatatype>LOGDT019</logicalDatatype>
<ownDataTypeParameters>,,</ownDataTypeParameters>
<autoIncrementColumn>true</autoIncrementColumn>
<autoIncrementCycle>false</autoIncrementCycle>
<autoIncrementSequenceName>dm2_fait_seq</autoIncrementSequenceName>
<autoIncrementGenerateTrigger>false</autoIncrementGenerateTrigger>
</Column>
<Column name="ID_LIVREUR" id="861F03C8-B4B9-B650-3798-3ABF8E74615A">
<createdBy>RAR9</createdBy>
<createdTime>2024-01-16 13:52:52 UTC</createdTime>
<ownerDesignName>4_CC2_Groupe8_MPD_DM2</ownerDesignName>
<importedID>954CD9E9-5BBD-202E-4DE0-2ECFC60C776E</importedID>
<useDomainConstraints>false</useDomainConstraints>
<use>1</use>
<logicalDatatype>LOGDT019</logicalDatatype>
<ownDataTypeParameters>,,</ownDataTypeParameters>
<autoIncrementCycle>false</autoIncrementCycle>
<autoIncrementGenerateTrigger>false</autoIncrementGenerateTrigger>
<associations>
<colAssociation fkAssociation="BE870FBE-B40E-3C98-F5E4-DE9BF2520494" referredColumn="3C200148-F66C-0812-074C-BA423DBAB84F"/>
</associations>
</Column>
<Column name="ID_RESTAURANT" id="EF0A8330-896A-29CE-8D26-153ADEFA32EF">
<createdBy>RAR9</createdBy>
<createdTime>2024-01-16 13:52:52 UTC</createdTime>
<ownerDesignName>4_CC2_Groupe8_MPD_DM2</ownerDesignName>
<importedID>CEE45CB3-D5DC-F90B-0F98-CAC8E6E14053</importedID>
<useDomainConstraints>false</useDomainConstraints>
<use>1</use>
<logicalDatatype>LOGDT019</logicalDatatype>
<ownDataTypeParameters>,,</ownDataTypeParameters>
<autoIncrementCycle>false</autoIncrementCycle>
<autoIncrementGenerateTrigger>false</autoIncrementGenerateTrigger>
<associations>
<colAssociation fkAssociation="49C610A0-3042-723F-1EE7-3D084E6EE8E0" referredColumn="1C5A426D-B905-C5E6-20F7-4BD52F3F1192"/>
</associations>
</Column>
<Column name="ID_MOYEN_LIVRAISON" id="55F291C2-A241-9C28-049D-FE1AB05FFC53">
<createdBy>RAR9</createdBy>
<createdTime>2024-01-16 13:52:52 UTC</createdTime>
<ownerDesignName>4_CC2_Groupe8_MPD_DM2</ownerDesignName>
<importedID>074544D4-8CBF-DE2A-DCF7-85C7A4972F90</importedID>
<useDomainConstraints>false</useDomainConstraints>
<use>1</use>
<logicalDatatype>LOGDT019</logicalDatatype>
<ownDataTypeParameters>,,</ownDataTypeParameters>
<autoIncrementCycle>false</autoIncrementCycle>
<autoIncrementGenerateTrigger>false</autoIncrementGenerateTrigger>
<associations>
<colAssociation fkAssociation="ABE69EBA-42E2-9A7D-95E1-5683F74A4F8D" referredColumn="A43D8D40-AE52-F851-DC67-D18FEE5EB7ED"/>
</associations>
</Column>
<Column name="ID_DATE_FIN_LIVRAISON" id="0A3906F7-1C1F-861B-9BD2-C9984559EF26">
<createdBy>RAR9</createdBy>
<createdTime>2024-01-16 13:52:52 UTC</createdTime>
<ownerDesignName>4_CC2_Groupe8_MPD_DM2</ownerDesignName>
<importedID>6BBAABD5-9732-A265-F4EC-6366C0E55E70</importedID>
<useDomainConstraints>false</useDomainConstraints>
<use>1</use>
<logicalDatatype>LOGDT019</logicalDatatype>
<ownDataTypeParameters>,,</ownDataTypeParameters>
<autoIncrementCycle>false</autoIncrementCycle>
<autoIncrementGenerateTrigger>false</autoIncrementGenerateTrigger>
<associations>
<colAssociation fkAssociation="56B756F2-E4B4-409E-A082-9AB68BB6E024" referredColumn="1205E7BB-FFBC-6E5D-DD74-90A858B7629E"/>
</associations>
</Column>
<Column name="ID_ADRESSE_NORM_CLIENT" id="E0F082F2-4263-3DCF-FE73-EA65B6D60926">
<createdBy>RAR9</createdBy>
<createdTime>2024-01-16 13:52:52 UTC</createdTime>
<ownerDesignName>4_CC2_Groupe8_MPD_DM2</ownerDesignName>
<importedID>B929AD3E-24EC-96A4-8EAF-853683F8CB24</importedID>
<useDomainConstraints>false</useDomainConstraints>
<use>1</use>
<logicalDatatype>LOGDT019</logicalDatatype>
<ownDataTypeParameters>,,</ownDataTypeParameters>
<autoIncrementCycle>false</autoIncrementCycle>
<autoIncrementGenerateTrigger>false</autoIncrementGenerateTrigger>
<associations>
<colAssociation fkAssociation="B4E226B7-F5B5-B588-39E0-76423C7FEAC4" referredColumn="3277C790-2DCB-D258-107E-30534FF2B2CD"/>
</associations>
</Column>
<Column name="ID_ADRESSE_NORM_RESTAURANT" id="E0E801FC-FC0E-8681-0D5E-060C307E9AF5">
<createdBy>RAR9</createdBy>
<createdTime>2024-01-16 13:52:52 UTC</createdTime>
<ownerDesignName>4_CC2_Groupe8_MPD_DM2</ownerDesignName>
<importedID>2FE1EC71-48C6-C61D-0305-CD6A53524FB6</importedID>
<useDomainConstraints>false</useDomainConstraints>
<use>1</use>
<logicalDatatype>LOGDT019</logicalDatatype>
<ownDataTypeParameters>,,</ownDataTypeParameters>
<autoIncrementCycle>false</autoIncrementCycle>
<autoIncrementGenerateTrigger>false</autoIncrementGenerateTrigger>
<associations>
<colAssociation fkAssociation="20359886-3A66-F72A-7327-84376C13D7A1" referredColumn="C1410ABD-0517-A9BB-B57A-297FEFB83114"/>
</associations>
</Column>
<Column name="ID_CLIENT" id="42A61AE5-EF65-150A-4156-066B419A0BD5">
<createdBy>RAR9</createdBy>
<createdTime>2024-01-16 13:52:52 UTC</createdTime>
<ownerDesignName>4_CC2_Groupe8_MPD_DM2</ownerDesignName>
<importedID>D9B040B2-3315-AD59-15A3-F89AC1DA033B</importedID>
<useDomainConstraints>false</useDomainConstraints>
<use>1</use>
<logicalDatatype>LOGDT019</logicalDatatype>
<ownDataTypeParameters>,,</ownDataTypeParameters>
<autoIncrementCycle>false</autoIncrementCycle>
<autoIncrementGenerateTrigger>false</autoIncrementGenerateTrigger>
<associations>
<colAssociation fkAssociation="9436CFD2-59D7-6CFF-0264-B355F2DE1B40" referredColumn="6B6E74A1-FF93-96B1-6633-635E5EF8A6DD"/>
</associations>
</Column>
<Column name="ID_MENU" id="105707DC-63F5-6D5A-11B9-558BE71FB853">
<createdBy>RAR9</createdBy>
<createdTime>2024-01-16 13:52:52 UTC</createdTime>
<ownerDesignName>4_CC2_Groupe8_MPD_DM2</ownerDesignName>
<importedID>B9081CFB-3B10-D35C-2FF3-3AD3967E3CFA</importedID>
<useDomainConstraints>false</useDomainConstraints>
<use>1</use>
<logicalDatatype>LOGDT019</logicalDatatype>
<ownDataTypeParameters>,,</ownDataTypeParameters>
<autoIncrementCycle>false</autoIncrementCycle>
<associations>
<colAssociation fkAssociation="F8CF4302-B792-AF8B-030B-389E208C72EA" referredColumn="8B1B4521-881B-1DC6-4F17-DE65D3768C0F"/>
</associations>
</Column>
<Column name="NUMERO_LIVRAISON" id="8152D21C-56C1-466D-10F6-F40D85D5D115">
<createdBy>RAR9</createdBy>
<createdTime>2024-01-16 13:52:52 UTC</createdTime>
<ownerDesignName>4_CC2_Groupe8_MPD_DM2</ownerDesignName>
<importedID>2A800D67-C69A-EA8F-2553-B9CAF764A80E</importedID>
<nullsAllowed>true</nullsAllowed>
<useDomainConstraints>false</useDomainConstraints>
<use>1</use>
<logicalDatatype>LOGDT019</logicalDatatype>
<ownDataTypeParameters>,,</ownDataTypeParameters>
<autoIncrementCycle>false</autoIncrementCycle>
</Column>
<Column name="NOMBRE_ARTICLES_LIVRES" id="0B1185BD-4250-3EA2-53B8-B5E53891BE17">
<createdBy>RAR9</createdBy>
<createdTime>2024-01-16 13:52:52 UTC</createdTime>
<ownerDesignName>4_CC2_Groupe8_MPD_DM2</ownerDesignName>
<importedID>7200891E-488A-C084-45BE-CC2995735973</importedID>
<nullsAllowed>true</nullsAllowed>
<useDomainConstraints>false</useDomainConstraints>
<use>1</use>
<logicalDatatype>LOGDT019</logicalDatatype>
<ownDataTypeParameters>,,</ownDataTypeParameters>
<autoIncrementCycle>false</autoIncrementCycle>
</Column>
<Column name="TEMPS_LIVRAISON" id="061F8B43-E5A7-8C84-B768-C1E78184C42A">
<createdBy>RAR9</createdBy>
<createdTime>2024-01-16 13:52:52 UTC</createdTime>
<ownerDesignName>4_CC2_Groupe8_MPD_DM2</ownerDesignName>
<importedID>70C4EA54-B029-59BF-3CAB-ADC9994E2B04</importedID>
<nullsAllowed>true</nullsAllowed>
<useDomainConstraints>false</useDomainConstraints>
<use>1</use>
<logicalDatatype>LOGDT024</logicalDatatype>
<dataTypeSize>50 CHAR</dataTypeSize>
<ownDataTypeParameters>50 CHAR,,</ownDataTypeParameters>
<autoIncrementCycle>false</autoIncrementCycle>
</Column>
<Column name="REMUNERATION_LIVREUR" id="F2F1B387-4FD0-8A5A-5935-0202063ACF98">
<createdBy>RAR9</createdBy>
<createdTime>2024-01-16 13:52:52 UTC</createdTime>
<ownerDesignName>4_CC2_Groupe8_MPD_DM2</ownerDesignName>
<importedID>F337CB62-03C1-B7FB-AED8-E761F9A71CA7</importedID>
<nullsAllowed>true</nullsAllowed>
<useDomainConstraints>false</useDomainConstraints>
<use>1</use>
<logicalDatatype>LOGDT021</logicalDatatype>
<ownDataTypeParameters>,,</ownDataTypeParameters>
<autoIncrementCycle>false</autoIncrementCycle>
</Column>
</columns>
<indexes itemClass="oracle.dbtools.crest.model.design.relational.Index">
<ind_PK_UK id="1A3624AA-8853-BFA8-4EB2-FF262BB63AB2" name="FAIT_LIVRAISON_F_PK">
<createdBy>RAR9</createdBy>
<createdTime>2024-01-16 13:52:52 UTC</createdTime>
<ownerDesignName>4_CC2_Groupe8_MPD_DM2</ownerDesignName>
<importedID>47D89E75-CD64-63DE-F587-AFEEBC6322ED</importedID>
<pk>true</pk>
<indexState>Primary Constraint</indexState>
<isSurrogateKey>false</isSurrogateKey>
<indexColumnUsage>
<colUsage columnID="173A8192-5D56-FEDC-013C-6CEB70283D44"/>
</indexColumnUsage>
</ind_PK_UK>
<ind_PK_UK id="77BF5E40-BDC0-CDB3-8BAF-C40C3B70C6DE" name="DATE_FIN_LIVRAISON_D_FK">
<createdBy>RAR9</createdBy>
<createdTime>2024-01-16 13:52:52 UTC</createdTime>
<ownerDesignName>4_CC2_Groupe8_MPD_DM2</ownerDesignName>
<indexState>Foreign Key</indexState>
<isSurrogateKey>false</isSurrogateKey>
<indexColumnUsage>
<colUsage columnID="0A3906F7-1C1F-861B-9BD2-C9984559EF26"/>
</indexColumnUsage>
</ind_PK_UK>
<ind_PK_UK id="E4B81E72-8AAF-A07B-542B-4BD6130C1474" name="MOYEN_LIVRAISON_D__FK">
<createdBy>RAR9</createdBy>
<createdTime>2024-01-16 13:52:52 UTC</createdTime>
<ownerDesignName>4_CC2_Groupe8_MPD_DM2</ownerDesignName>
<indexState>Foreign Key</indexState>
<isSurrogateKey>false</isSurrogateKey>
<indexColumnUsage>
<colUsage columnID="55F291C2-A241-9C28-049D-FE1AB05FFC53"/>
</indexColumnUsage>
</ind_PK_UK>
<ind_PK_UK id="8A6582D3-6A14-F1C3-9083-EC50EFCE316D" name="MENU_D_FK">
<createdBy>RAR9</createdBy>
<createdTime>2024-01-16 13:52:52 UTC</createdTime>
<ownerDesignName>4_CC2_Groupe8_MPD_DM2</ownerDesignName>
<indexState>Foreign Key</indexState>
<isSurrogateKey>false</isSurrogateKey>
<indexColumnUsage>
<colUsage columnID="105707DC-63F5-6D5A-11B9-558BE71FB853"/>
</indexColumnUsage>
</ind_PK_UK>
<ind_PK_UK id="EC7E7C08-18DA-4EEC-53D5-E5BD5E9E9ADC" name="LIVREUR_D_FK">
<createdBy>RAR9</createdBy>
<createdTime>2024-01-16 13:52:52 UTC</createdTime>
<ownerDesignName>4_CC2_Groupe8_MPD_DM2</ownerDesignName>
<indexState>Foreign Key</indexState>
<isSurrogateKey>false</isSurrogateKey>
<indexColumnUsage>
<colUsage columnID="861F03C8-B4B9-B650-3798-3ABF8E74615A"/>
</indexColumnUsage>
</ind_PK_UK>
<ind_PK_UK id="FB358790-229C-0C88-5D56-8ADDDF30FCDF" name="ADRESSE_NORM_RESTAURANT_D_FK">
<createdBy>RAR9</createdBy>
<createdTime>2024-01-16 13:52:52 UTC</createdTime>
<ownerDesignName>4_CC2_Groupe8_MPD_DM2</ownerDesignName>
<indexState>Foreign Key</indexState>
<isSurrogateKey>false</isSurrogateKey>
<indexColumnUsage>
<colUsage columnID="E0E801FC-FC0E-8681-0D5E-060C307E9AF5"/>
</indexColumnUsage>
</ind_PK_UK>
<ind_PK_UK id="2433173E-B5BE-1063-B416-ED2619B478EF" name="CLIENT_D_FK">
<createdBy>RAR9</createdBy>
<createdTime>2024-01-16 13:52:52 UTC</createdTime>
<ownerDesignName>4_CC2_Groupe8_MPD_DM2</ownerDesignName>
<indexState>Foreign Key</indexState>
<isSurrogateKey>false</isSurrogateKey>
<indexColumnUsage>
<colUsage columnID="42A61AE5-EF65-150A-4156-066B419A0BD5"/>
</indexColumnUsage>
</ind_PK_UK>
<ind_PK_UK id="5E3B9BFD-FDEB-8692-95E3-4C08DA7508C7" name="ADRESSE_NORM_CLIENT_D_FK">
<createdBy>RAR9</createdBy>
<createdTime>2024-01-16 13:52:52 UTC</createdTime>
<ownerDesignName>4_CC2_Groupe8_MPD_DM2</ownerDesignName>
<indexState>Foreign Key</indexState>
<isSurrogateKey>false</isSurrogateKey>
<indexColumnUsage>
<colUsage columnID="E0F082F2-4263-3DCF-FE73-EA65B6D60926"/>
</indexColumnUsage>
</ind_PK_UK>
<ind_PK_UK id="EEEF4787-977D-B663-EA1D-33FC40019218" name="RESTAURANT_D_FK">
<createdBy>RAR9</createdBy>
<createdTime>2024-01-16 13:52:52 UTC</createdTime>
<ownerDesignName>4_CC2_Groupe8_MPD_DM2</ownerDesignName>
<indexState>Foreign Key</indexState>
<isSurrogateKey>false</isSurrogateKey>
<indexColumnUsage>
<colUsage columnID="EF0A8330-896A-29CE-8D26-153ADEFA32EF"/>
</indexColumnUsage>
</ind_PK_UK>
</indexes>
</Table>