<?xml version = '1.0' encoding = 'UTF-8'?>
<Diagram class="oracle.dbtools.crest.swingui.relational.DPVRelational" name="DWH" id="1953A56C-9F07-A6D0-B7CB-9130EA260FA9">
<createdBy>farie</createdBy>
<modifiedBy>farie</modifiedBy>
<createdTime>2024-01-12 16:38:18 UTC</createdTime>
<autoRoute>false</autoRoute>
<boxInbox>true</boxInbox>
<showLegend>false</showLegend>
<showLabels>false</showLabels>
<showRelAttributes>false</showRelAttributes>
<gridEnabled>false</gridEnabled>
<showGrid>false</showGrid>
<diagramColor>-1</diagramColor>
<display>false</display>
<notation>1</notation>
<objectViews>
<OView class="oracle.dbtools.crest.swingui.relational.TVTable" oid="002E0CD7-7E48-DB8B-BB66-85C2ADFA48E1" otype="Table" vid="4BFD8DE8-BFC5-F0EF-B1F0-3EFAB06AB2E6">
<hideElementsInCurrentOnly>false</hideElementsInCurrentOnly>
<bounds x="269" y="0" width="251" height="308"/>
<useDefaultColor>false</useDefaultColor>
<backgroundColor>-3355393</backgroundColor>
<foregroundColor>-16776961</foregroundColor>
</OView>
<OView class="oracle.dbtools.crest.swingui.relational.TVTable" oid="1D7CE791-839D-83CC-74FE-9169382A67E5" otype="Table" vid="37BBC1AB-84F6-1C99-ADA3-C3FE14C1F374">
<hideElementsInCurrentOnly>false</hideElementsInCurrentOnly>
<bounds x="0" y="333" width="252" height="158"/>
<useDefaultColor>false</useDefaultColor>
<backgroundColor>-3342388</backgroundColor>
<foregroundColor>-16776961</foregroundColor>
</OView>
<OView class="oracle.dbtools.crest.swingui.relational.TVTable" oid="4D8325D3-3216-09FE-78F9-888FF0FC2BFA" otype="Table" vid="029D54E6-3C97-3A12-9739-5CC40F48BEC5">
<hideElementsInCurrentOnly>false</hideElementsInCurrentOnly>
<bounds x="264" y="340" width="218" height="162"/>
<useDefaultColor>false</useDefaultColor>
<backgroundColor>-3342388</backgroundColor>
<foregroundColor>-16776961</foregroundColor>
</OView>
<OView class="oracle.dbtools.crest.swingui.relational.TVTable" oid="522BB87C-0CAD-C6E8-9CFF-8375AEE2F1C9" otype="Table" vid="00952726-9CE1-F93D-EAC5-B24BDD18C2CB">
<hideElementsInCurrentOnly>false</hideElementsInCurrentOnly>
<bounds x="554" y="179" width="247" height="114"/>
<useDefaultColor>false</useDefaultColor>
<backgroundColor>-3342388</backgroundColor>
<foregroundColor>-16776961</foregroundColor>
</OView>
<OView class="oracle.dbtools.crest.swingui.relational.TVTable" oid="5967EF6A-8A87-D077-A062-EC8772082920" otype="Table" vid="884FE86C-3254-8B76-4A5A-830D40494275">
<hideElementsInCurrentOnly>false</hideElementsInCurrentOnly>
<bounds x="46" y="22" width="210" height="112"/>
<useDefaultColor>false</useDefaultColor>
<backgroundColor>-3342388</backgroundColor>
<foregroundColor>-16776961</foregroundColor>
</OView>
<OView class="oracle.dbtools.crest.swingui.relational.TVTable" oid="76CA64FA-3D33-ED9A-3176-4D2BA05CB441" otype="Table" vid="9BB6B810-82BC-0AED-AF4C-CA2C8E32E313">
<hideElementsInCurrentOnly>false</hideElementsInCurrentOnly>
<bounds x="18" y="169" width="226" height="133"/>
<useDefaultColor>false</useDefaultColor>
<backgroundColor>-3342388</backgroundColor>
<foregroundColor>-16776961</foregroundColor>
</OView>
<OView class="oracle.dbtools.crest.swingui.relational.TVTable" oid="BD41796E-710F-EE98-6B7E-B6D7F39D072D" otype="Table" vid="F87F6984-C1DB-493B-EF4E-D6AF084A8B24">
<hideElementsInCurrentOnly>false</hideElementsInCurrentOnly>
<bounds x="504" y="320" width="297" height="167"/>
<useDefaultColor>false</useDefaultColor>
<backgroundColor>-3342388</backgroundColor>
<foregroundColor>-16776961</foregroundColor>
</OView>
<OView class="oracle.dbtools.crest.swingui.relational.TVTable" oid="CEF7040A-6FE5-44D2-2DC3-CE8DF2F611D2" otype="Table" vid="ED2D0F57-8600-3002-F405-437F1960EF8F">
<hideElementsInCurrentOnly>false</hideElementsInCurrentOnly>
<bounds x="536" y="19" width="219" height="113"/>
<useDefaultColor>false</useDefaultColor>
<backgroundColor>-3342388</backgroundColor>
<foregroundColor>-16776961</foregroundColor>
</OView>
</objectViews>
<connectors>
<Connector class="oracle.dbtools.crest.swingui.relational.TVFKRelation" oid="38259D4F-00D8-9C83-F173-6BEF1F3F9B58" otype="FKIndexAssociation" vid_source="ED2D0F57-8600-3002-F405-437F1960EF8F" vid_target="4BFD8DE8-BFC5-F0EF-B1F0-3EFAB06AB2E6">
<hideElementsInCurrentOnly>false</hideElementsInCurrentOnly>
<backgroundColor>-16777216</backgroundColor>
<lineWidth>1</lineWidth>
<points>
<point x="536" y="75"/>
<point x="520" y="75"/>
</points>
</Connector>
<Connector class="oracle.dbtools.crest.swingui.relational.TVFKRelation" oid="387DEF73-138C-E122-0A30-2224AD652122" otype="FKIndexAssociation" vid_source="9BB6B810-82BC-0AED-AF4C-CA2C8E32E313" vid_target="4BFD8DE8-BFC5-F0EF-B1F0-3EFAB06AB2E6">
<hideElementsInCurrentOnly>false</hideElementsInCurrentOnly>
<backgroundColor>-16777216</backgroundColor>
<lineWidth>1</lineWidth>
<points>
<point x="244" y="169"/>
<point x="945" y="94"/>
<point x="945" y="585"/>
<point x="416" y="585"/>
<point x="416" y="308"/>
</points>
</Connector>
<Connector class="oracle.dbtools.crest.swingui.relational.TVFKRelation" oid="56E108F0-C149-6A62-C603-825F074820FB" otype="FKIndexAssociation" vid_source="00952726-9CE1-F93D-EAC5-B24BDD18C2CB" vid_target="4BFD8DE8-BFC5-F0EF-B1F0-3EFAB06AB2E6">
<hideElementsInCurrentOnly>false</hideElementsInCurrentOnly>
<backgroundColor>-16777216</backgroundColor>
<lineWidth>1</lineWidth>
<points>
<point x="801" y="246"/>
<point x="826" y="246"/>
<point x="826" y="318"/>
<point x="699" y="318"/>
<point x="520" y="308"/>
</points>
</Connector>
<Connector class="oracle.dbtools.crest.swingui.relational.TVFKRelation" oid="763387F3-AA14-D587-900C-D6542B79F95A" otype="FKIndexAssociation" vid_source="F87F6984-C1DB-493B-EF4E-D6AF084A8B24" vid_target="4BFD8DE8-BFC5-F0EF-B1F0-3EFAB06AB2E6">
<hideElementsInCurrentOnly>false</hideElementsInCurrentOnly>
<backgroundColor>-16777216</backgroundColor>
<lineWidth>1</lineWidth>
<points>
<point x="801" y="320"/>
<point x="895" y="94"/>
<point x="895" y="535"/>
<point x="416" y="535"/>
<point x="416" y="308"/>
</points>
</Connector>
<Connector class="oracle.dbtools.crest.swingui.relational.TVFKRelation" oid="8E417877-BB1F-A0BA-C193-42D77C4D7349" otype="FKIndexAssociation" vid_source="029D54E6-3C97-3A12-9739-5CC40F48BEC5" vid_target="4BFD8DE8-BFC5-F0EF-B1F0-3EFAB06AB2E6">
<hideElementsInCurrentOnly>false</hideElementsInCurrentOnly>
<backgroundColor>-16777216</backgroundColor>
<lineWidth>1</lineWidth>
<points>
<point x="482" y="340"/>
<point x="845" y="94"/>
<point x="845" y="485"/>
<point x="416" y="485"/>
<point x="416" y="308"/>
</points>
</Connector>
<Connector class="oracle.dbtools.crest.swingui.relational.TVFKRelation" oid="A5E2C2F0-5D9F-DD5D-8B0C-6250E2EF9048" otype="FKIndexAssociation" vid_source="884FE86C-3254-8B76-4A5A-830D40494275" vid_target="4BFD8DE8-BFC5-F0EF-B1F0-3EFAB06AB2E6">
<hideElementsInCurrentOnly>false</hideElementsInCurrentOnly>
<backgroundColor>-16777216</backgroundColor>
<lineWidth>1</lineWidth>
<points>
<point x="256" y="78"/>
<point x="269" y="117"/>
</points>
</Connector>
<Connector class="oracle.dbtools.crest.swingui.relational.TVFKRelation" oid="BBEEF339-896D-F1CC-E210-3FB5BB2D4A15" otype="FKIndexAssociation" vid_source="37BBC1AB-84F6-1C99-ADA3-C3FE14C1F374" vid_target="4BFD8DE8-BFC5-F0EF-B1F0-3EFAB06AB2E6">
<hideElementsInCurrentOnly>false</hideElementsInCurrentOnly>
<backgroundColor>-16777216</backgroundColor>
<lineWidth>1</lineWidth>
<points>
<point x="252" y="333"/>
<point x="920" y="94"/>
<point x="920" y="560"/>
<point x="416" y="560"/>
<point x="416" y="308"/>
</points>
</Connector>
</connectors>
<displays>
<Display class="oracle.dbtools.crest.swingui.relational.DPVRelational" name="Display_1" id="3E2B1F57-40E2-F955-8FAC-1EA970F4D87B">
<createdBy>farie</createdBy>
<modifiedBy>farie</modifiedBy>
<createdTime>2024-01-14 22:44:41 UTC</createdTime>
<autoRoute>false</autoRoute>
<boxInbox>true</boxInbox>
<showLegend>false</showLegend>
<showLabels>false</showLabels>
<showRelAttributes>false</showRelAttributes>
<gridEnabled>false</gridEnabled>
<showGrid>false</showGrid>
<diagramColor>-1</diagramColor>
<display>true</display>
<notation>1</notation>
<objectViews>
<OView class="oracle.dbtools.crest.swingui.relational.TVTable" oid="002E0CD7-7E48-DB8B-BB66-85C2ADFA48E1" otype="Table" vid="A503E540-181F-5B46-05FA-D02F621E8BFC">
<hideElementsInCurrentOnly>false</hideElementsInCurrentOnly>
<bounds x="387" y="160" width="443" height="248"/>
<useDefaultColor>false</useDefaultColor>
<backgroundColor>-3355393</backgroundColor>
<foregroundColor>-16776961</foregroundColor>
</OView>
<OView class="oracle.dbtools.crest.swingui.relational.TVTable" oid="1D7CE791-839D-83CC-74FE-9169382A67E5" otype="Table" vid="4EB6653A-2AA9-9458-3FBB-1182629AB0C3">
<hideElementsInCurrentOnly>false</hideElementsInCurrentOnly>
<bounds x="0" y="333" width="335" height="175"/>
<useDefaultColor>false</useDefaultColor>
<backgroundColor>-3342388</backgroundColor>
<foregroundColor>-16776961</foregroundColor>
</OView>
<OView class="oracle.dbtools.crest.swingui.relational.TVTable" oid="4D8325D3-3216-09FE-78F9-888FF0FC2BFA" otype="Table" vid="D0BBB965-1BD6-FDA7-8E1D-3D44A6EF35FB">
<hideElementsInCurrentOnly>false</hideElementsInCurrentOnly>
<bounds x="461" y="411" width="320" height="170"/>
<useDefaultColor>false</useDefaultColor>
<backgroundColor>-3342388</backgroundColor>
<foregroundColor>-16776961</foregroundColor>
</OView>
<OView class="oracle.dbtools.crest.swingui.relational.TVTable" oid="522BB87C-0CAD-C6E8-9CFF-8375AEE2F1C9" otype="Table" vid="A902758F-D18E-4B11-9881-F16A8CE46514">
<hideElementsInCurrentOnly>false</hideElementsInCurrentOnly>
<bounds x="892" y="181" width="378" height="114"/>
<useDefaultColor>false</useDefaultColor>
<backgroundColor>-3342388</backgroundColor>
<foregroundColor>-16776961</foregroundColor>
</OView>
<OView class="oracle.dbtools.crest.swingui.relational.TVTable" oid="5967EF6A-8A87-D077-A062-EC8772082920" otype="Table" vid="041F0D7A-4BC8-11BB-0DCE-081AB0288BFE">
<hideElementsInCurrentOnly>false</hideElementsInCurrentOnly>
<bounds x="46" y="22" width="210" height="112"/>
<useDefaultColor>false</useDefaultColor>
<backgroundColor>-3342388</backgroundColor>
<foregroundColor>-16776961</foregroundColor>
</OView>
<OView class="oracle.dbtools.crest.swingui.relational.TVTable" oid="76CA64FA-3D33-ED9A-3176-4D2BA05CB441" otype="Table" vid="8204BAA4-4D90-23FB-3D61-7016B90F2A7F">
<hideElementsInCurrentOnly>false</hideElementsInCurrentOnly>
<bounds x="0" y="154" width="269" height="161"/>
<useDefaultColor>false</useDefaultColor>
<backgroundColor>-3342388</backgroundColor>
<foregroundColor>-16776961</foregroundColor>
</OView>
<OView class="oracle.dbtools.crest.swingui.relational.TVTable" oid="BD41796E-710F-EE98-6B7E-B6D7F39D072D" otype="Table" vid="426F4272-105B-5A80-1230-998A1BE5C47D">
<hideElementsInCurrentOnly>false</hideElementsInCurrentOnly>
<bounds x="806" y="386" width="387" height="180"/>
<useDefaultColor>false</useDefaultColor>
<backgroundColor>-3342388</backgroundColor>
<foregroundColor>-16776961</foregroundColor>
</OView>
<OView class="oracle.dbtools.crest.swingui.relational.TVTable" oid="CEF7040A-6FE5-44D2-2DC3-CE8DF2F611D2" otype="Table" vid="956BB2C4-DDDB-78F0-F4E1-590D8E51AE6B">
<hideElementsInCurrentOnly>false</hideElementsInCurrentOnly>
<bounds x="331" y="17" width="268" height="127"/>
<useDefaultColor>false</useDefaultColor>
<backgroundColor>-3342388</backgroundColor>
<foregroundColor>-16776961</foregroundColor>
</OView>
</objectViews>
<connectors>
<Connector class="oracle.dbtools.crest.swingui.relational.TVFKRelation" oid="38259D4F-00D8-9C83-F173-6BEF1F3F9B58" otype="FKIndexAssociation" vid_source="956BB2C4-DDDB-78F0-F4E1-590D8E51AE6B" vid_target="A503E540-181F-5B46-05FA-D02F621E8BFC">
<hideElementsInCurrentOnly>false</hideElementsInCurrentOnly>
<backgroundColor>-16777216</backgroundColor>
<lineWidth>1</lineWidth>
<points>
<point x="493" y="144"/>
<point x="493" y="160"/>
</points>
</Connector>
<Connector class="oracle.dbtools.crest.swingui.relational.TVFKRelation" oid="387DEF73-138C-E122-0A30-2224AD652122" otype="FKIndexAssociation" vid_source="8204BAA4-4D90-23FB-3D61-7016B90F2A7F" vid_target="A503E540-181F-5B46-05FA-D02F621E8BFC">
<hideElementsInCurrentOnly>false</hideElementsInCurrentOnly>
<backgroundColor>-16777216</backgroundColor>
<lineWidth>1</lineWidth>
<points>
<point x="269" y="237"/>
<point x="387" y="237"/>
</points>
</Connector>
<Connector class="oracle.dbtools.crest.swingui.relational.TVFKRelation" oid="56E108F0-C149-6A62-C603-825F074820FB" otype="FKIndexAssociation" vid_source="A902758F-D18E-4B11-9881-F16A8CE46514" vid_target="A503E540-181F-5B46-05FA-D02F621E8BFC">
<hideElementsInCurrentOnly>false</hideElementsInCurrentOnly>
<backgroundColor>-16777216</backgroundColor>
<lineWidth>1</lineWidth>
<points>
<point x="892" y="238"/>
<point x="830" y="238"/>
</points>
</Connector>
<Connector class="oracle.dbtools.crest.swingui.relational.TVFKRelation" oid="763387F3-AA14-D587-900C-D6542B79F95A" otype="FKIndexAssociation" vid_source="426F4272-105B-5A80-1230-998A1BE5C47D" vid_target="A503E540-181F-5B46-05FA-D02F621E8BFC">
<hideElementsInCurrentOnly>false</hideElementsInCurrentOnly>
<backgroundColor>-16777216</backgroundColor>
<lineWidth>1</lineWidth>
<points>
<point x="806" y="397"/>
<point x="830" y="397"/>
</points>
</Connector>
<Connector class="oracle.dbtools.crest.swingui.relational.TVFKRelation" oid="8E417877-BB1F-A0BA-C193-42D77C4D7349" otype="FKIndexAssociation" vid_source="D0BBB965-1BD6-FDA7-8E1D-3D44A6EF35FB" vid_target="A503E540-181F-5B46-05FA-D02F621E8BFC">
<hideElementsInCurrentOnly>false</hideElementsInCurrentOnly>
<backgroundColor>-16777216</backgroundColor>
<lineWidth>1</lineWidth>
<points>
<point x="621" y="411"/>
<point x="621" y="408"/>
</points>
</Connector>
<Connector class="oracle.dbtools.crest.swingui.relational.TVFKRelation" oid="A5E2C2F0-5D9F-DD5D-8B0C-6250E2EF9048" otype="FKIndexAssociation" vid_source="041F0D7A-4BC8-11BB-0DCE-081AB0288BFE" vid_target="A503E540-181F-5B46-05FA-D02F621E8BFC">
<hideElementsInCurrentOnly>false</hideElementsInCurrentOnly>
<backgroundColor>-16777216</backgroundColor>
<lineWidth>1</lineWidth>
<points>
<point x="256" y="125"/>
<point x="387" y="184"/>
</points>
</Connector>
<Connector class="oracle.dbtools.crest.swingui.relational.TVFKRelation" oid="BBEEF339-896D-F1CC-E210-3FB5BB2D4A15" otype="FKIndexAssociation" vid_source="4EB6653A-2AA9-9458-3FBB-1182629AB0C3" vid_target="A503E540-181F-5B46-05FA-D02F621E8BFC">
<hideElementsInCurrentOnly>false</hideElementsInCurrentOnly>
<backgroundColor>-16777216</backgroundColor>
<lineWidth>1</lineWidth>
<points>
<point x="335" y="370"/>
<point x="387" y="370"/>
</points>
</Connector>
</connectors>
</Display>
</displays>
</Diagram>