<?xml version = '1.0' encoding = 'UTF-8'?>
<Table class="oracle.dbtools.crest.model.design.relational.Table" directorySegmentName="seg_0" id="002E0CD7-7E48-DB8B-BB66-85C2ADFA48E1" schemaObject="65CBC5E7-1F1A-29E3-1253-FF10B1D88F3F" name="FAIT_COMMANDE_F">
<createdBy>farie</createdBy>
<createdTime>2024-01-14 20:27:19 UTC</createdTime>
<ownerDesignName>3_CC2_Groupe8_MPD_DM1</ownerDesignName>
<ordsAlias>table_5</ordsAlias>
<typeID>1</typeID>
<allowColumnReorder>false</allowColumnReorder>
<existDependencyGenerateInDDl>true</existDependencyGenerateInDDl>
<parsed>true</parsed>
<columns itemClass="oracle.dbtools.crest.model.design.relational.Column">
<Column name="ID_COMMANDE" id="68A1C712-2177-0A85-8AFE-35E20D0A226A">
<createdBy>farie</createdBy>
<createdTime>2024-01-14 21:13:08 UTC</createdTime>
<ownerDesignName>3_CC2_Groupe8_MPD_DM1</ownerDesignName>
<useDomainConstraints>false</useDomainConstraints>
<use>1</use>
<logicalDatatype>LOGDT019</logicalDatatype>
<ownDataTypeParameters>,,</ownDataTypeParameters>
<autoIncrementColumn>true</autoIncrementColumn>
<autoIncrementCycle>false</autoIncrementCycle>
<autoIncrementSequenceName>SEQ_ID_COMMANDE</autoIncrementSequenceName>
<autoIncrementGenerateTrigger>false</autoIncrementGenerateTrigger>
</Column>
<Column name="ID_CLIENT" id="EC432584-AD68-B76E-C531-27988FCA30FE">
<createdBy>farie</createdBy>
<createdTime>2024-01-14 22:38:27 UTC</createdTime>
<ownerDesignName>3_CC2_Groupe8_MPD_DM1</ownerDesignName>
<useDomainConstraints>false</useDomainConstraints>
<use>1</use>
<logicalDatatype>LOGDT019</logicalDatatype>
<ownDataTypeParameters>,,</ownDataTypeParameters>
<previousColumn>false</previousColumn>
<autoIncrementColumn>true</autoIncrementColumn>
<autoIncrementCycle>false</autoIncrementCycle>
<autoIncrementGenerateTrigger>false</autoIncrementGenerateTrigger>
<associations>
<colAssociation fkAssociation="A5E2C2F0-5D9F-DD5D-8B0C-6250E2EF9048" referredColumn="5A2619A2-AE60-527F-1ED9-BA68EFF95B22"/>
</associations>
</Column>
<Column name="ID_RESTAURANT" id="30CAD04C-8750-07FD-291C-AF6233BABA4C">
<createdBy>farie</createdBy>
<createdTime>2024-01-14 22:42:39 UTC</createdTime>
<ownerDesignName>3_CC2_Groupe8_MPD_DM1</ownerDesignName>
<useDomainConstraints>false</useDomainConstraints>
<use>1</use>
<logicalDatatype>LOGDT019</logicalDatatype>
<ownDataTypeParameters>,,</ownDataTypeParameters>
<previousColumn>false</previousColumn>
<autoIncrementColumn>true</autoIncrementColumn>
<autoIncrementCycle>false</autoIncrementCycle>
<autoIncrementGenerateTrigger>false</autoIncrementGenerateTrigger>
<associations>
<colAssociation fkAssociation="38259D4F-00D8-9C83-F173-6BEF1F3F9B58" referredColumn="B8268008-8E28-8AC8-9C35-CBA59EB49F1F"/>
</associations>
</Column>
<Column name="ID_MOYEN_PAIEMENT" id="74A9D05E-83AD-3D6D-E740-5C4F0969DE60">
<createdBy>farie</createdBy>
<createdTime>2024-01-14 22:44:31 UTC</createdTime>
<ownerDesignName>3_CC2_Groupe8_MPD_DM1</ownerDesignName>
<useDomainConstraints>false</useDomainConstraints>
<use>1</use>
<logicalDatatype>LOGDT019</logicalDatatype>
<ownDataTypeParameters>,,</ownDataTypeParameters>
<previousColumn>false</previousColumn>
<autoIncrementColumn>true</autoIncrementColumn>
<autoIncrementCycle>false</autoIncrementCycle>
<autoIncrementGenerateTrigger>false</autoIncrementGenerateTrigger>
<associations>
<colAssociation fkAssociation="56E108F0-C149-6A62-C603-825F074820FB" referredColumn="2D1575C9-989A-3D9E-E008-800B7C798066"/>
</associations>
</Column>
<Column name="ID_DATE_FIN_PREPARATION" id="2BC28680-0601-B804-45B8-8D505CAC7540">
<createdBy>farie</createdBy>
<createdTime>2024-01-19 08:55:50 UTC</createdTime>
<ownerDesignName>3_CC2_Groupe8_MPD_DM1</ownerDesignName>
<useDomainConstraints>false</useDomainConstraints>
<use>1</use>
<logicalDatatype>LOGDT019</logicalDatatype>
<ownDataTypeParameters>,,</ownDataTypeParameters>
<previousColumn>false</previousColumn>
<autoIncrementCycle>false</autoIncrementCycle>
<associations>
<colAssociation fkAssociation="8E417877-BB1F-A0BA-C193-42D77C4D7349" referredColumn="CC3338A6-7EE7-3CB4-1BE6-8139247259F6"/>
</associations>
</Column>
<Column name="ID_ADRESSE_NORM_CLIENT" id="B12DFB2E-6FCB-FF86-2C0C-7E7C45C13179">
<createdBy>farie</createdBy>
<createdTime>2024-01-14 22:49:47 UTC</createdTime>
<ownerDesignName>3_CC2_Groupe8_MPD_DM1</ownerDesignName>
<useDomainConstraints>false</useDomainConstraints>
<use>1</use>
<logicalDatatype>LOGDT019</logicalDatatype>
<ownDataTypeParameters>,,</ownDataTypeParameters>
<previousColumn>false</previousColumn>
<autoIncrementColumn>true</autoIncrementColumn>
<autoIncrementCycle>false</autoIncrementCycle>
<autoIncrementGenerateTrigger>false</autoIncrementGenerateTrigger>
<associations>
<colAssociation fkAssociation="763387F3-AA14-D587-900C-D6542B79F95A" referredColumn="35FF5F8C-1E39-6D43-0DAA-D5B3ED6EAD5C"/>
</associations>
</Column>
<Column name="ID_ADRESSE_NORM_RESTAURANT" id="6E43D324-86F5-AA25-64B0-F304E9C103EF">
<createdBy>farie</createdBy>
<createdTime>2024-01-14 22:50:24 UTC</createdTime>
<ownerDesignName>3_CC2_Groupe8_MPD_DM1</ownerDesignName>
<useDomainConstraints>false</useDomainConstraints>
<use>1</use>
<logicalDatatype>LOGDT019</logicalDatatype>
<ownDataTypeParameters>,,</ownDataTypeParameters>
<previousColumn>false</previousColumn>
<autoIncrementColumn>true</autoIncrementColumn>
<autoIncrementCycle>false</autoIncrementCycle>
<autoIncrementGenerateTrigger>false</autoIncrementGenerateTrigger>
<associations>
<colAssociation fkAssociation="BBEEF339-896D-F1CC-E210-3FB5BB2D4A15" referredColumn="F5D6C89B-4BAE-E84E-FCAD-F73766287371"/>
</associations>
</Column>
<Column name="ID_DATE_COMMANDE" id="4BFC307A-2133-6382-53D1-0DC3A11A47CF">
<createdBy>farie</createdBy>
<createdTime>2024-01-14 22:50:58 UTC</createdTime>
<ownerDesignName>3_CC2_Groupe8_MPD_DM1</ownerDesignName>
<useDomainConstraints>false</useDomainConstraints>
<use>1</use>
<logicalDatatype>LOGDT019</logicalDatatype>
<ownDataTypeParameters>,,</ownDataTypeParameters>
<previousColumn>false</previousColumn>
<autoIncrementColumn>true</autoIncrementColumn>
<autoIncrementCycle>false</autoIncrementCycle>
<autoIncrementGenerateTrigger>false</autoIncrementGenerateTrigger>
<associations>
<colAssociation fkAssociation="387DEF73-138C-E122-0A30-2224AD652122" referredColumn="21AAA06B-E82E-30EF-C5B8-5757DB39618B"/>
</associations>
</Column>
<Column name="NUMERO_COMMANDE" id="91405AB3-2B70-726F-A352-4CBF50008F9B">
<createdBy>root</createdBy>
<createdTime>2024-01-21 22:27:31 UTC</createdTime>
<ownerDesignName>3_CC2_Groupe8_MPD_DM1</ownerDesignName>
<nullsAllowed>true</nullsAllowed>
<useDomainConstraints>false</useDomainConstraints>
<use>1</use>
<logicalDatatype>LOGDT019</logicalDatatype>
<ownDataTypeParameters>,,</ownDataTypeParameters>
<autoIncrementCycle>false</autoIncrementCycle>
</Column>
<Column name="MONTANT_TOTAL" id="2203D60B-08D8-C3F4-5F49-DD63502100B0">
<createdBy>farie</createdBy>
<createdTime>2024-01-14 21:22:59 UTC</createdTime>
<ownerDesignName>3_CC2_Groupe8_MPD_DM1</ownerDesignName>
<nullsAllowed>true</nullsAllowed>
<useDomainConstraints>false</useDomainConstraints>
<use>1</use>
<logicalDatatype>LOGDT021</logicalDatatype>
<ownDataTypeParameters>,,</ownDataTypeParameters>
<autoIncrementCycle>false</autoIncrementCycle>
</Column>
<Column name="TEMPS_THEO_PREPARATION" id="7D192FB6-847A-E313-D25C-998A1B8E3708">
<createdBy>farie</createdBy>
<createdTime>2024-01-15 13:24:27 UTC</createdTime>
<ownerDesignName>3_CC2_Groupe8_MPD_DM1</ownerDesignName>
<nullsAllowed>true</nullsAllowed>
<useDomainConstraints>false</useDomainConstraints>
<use>1</use>
<logicalDatatype>LOGDT024</logicalDatatype>
<ownDataTypeParameters>,,</ownDataTypeParameters>
<autoIncrementCycle>false</autoIncrementCycle>
</Column>
<Column name="TEMPS_REEL" id="EF6C87E4-4266-9A85-0D0E-620CE2509C75">
<createdBy>farie</createdBy>
<createdTime>2024-01-15 13:24:27 UTC</createdTime>
<ownerDesignName>3_CC2_Groupe8_MPD_DM1</ownerDesignName>
<nullsAllowed>true</nullsAllowed>
<useDomainConstraints>false</useDomainConstraints>
<use>1</use>
<logicalDatatype>LOGDT024</logicalDatatype>
<ownDataTypeParameters>,,</ownDataTypeParameters>
<autoIncrementCycle>false</autoIncrementCycle>
</Column>
</columns>
<indexes itemClass="oracle.dbtools.crest.model.design.relational.Index">
<ind_PK_UK id="8329B453-6F52-495F-1C3D-942DF8AC98DB" name="FAIT_COMMANDE_F_PK">
<createdBy>farie</createdBy>
<createdTime>2024-01-14 21:13:08 UTC</createdTime>
<ownerDesignName>3_CC2_Groupe8_MPD_DM1</ownerDesignName>
<pk>true</pk>
<indexState>Primary Constraint</indexState>
<isSurrogateKey>false</isSurrogateKey>
<indexColumnUsage>
<colUsage columnID="68A1C712-2177-0A85-8AFE-35E20D0A226A"/>
</indexColumnUsage>
</ind_PK_UK>
<ind_PK_UK id="4DBDE5D8-9360-D856-59FF-05D53AF4DAED" name="DIM_CLIENT_D_FK">
<createdBy>farie</createdBy>
<createdTime>2024-01-14 22:37:37 UTC</createdTime>
<ownerDesignName>3_CC2_Groupe8_MPD_DM1</ownerDesignName>
<indexState>Foreign Key</indexState>
<isSurrogateKey>false</isSurrogateKey>
<indexColumnUsage>
<colUsage columnID="EC432584-AD68-B76E-C531-27988FCA30FE"/>
</indexColumnUsage>
</ind_PK_UK>
<ind_PK_UK id="7174D026-CD9D-7C6E-6FAB-FE6FF16D4C25" name="DIM_RESTAURANT_D_FK">
<createdBy>farie</createdBy>
<createdTime>2024-01-14 22:42:23 UTC</createdTime>
<ownerDesignName>3_CC2_Groupe8_MPD_DM1</ownerDesignName>
<indexState>Foreign Key</indexState>
<isSurrogateKey>false</isSurrogateKey>
<indexColumnUsage>
<colUsage columnID="30CAD04C-8750-07FD-291C-AF6233BABA4C"/>
</indexColumnUsage>
</ind_PK_UK>
<ind_PK_UK id="9261E305-9554-21A1-6F44-78751C95B8C6" name="DIM_MOYEN_PAIEMENT_D__FK">
<createdBy>farie</createdBy>
<createdTime>2024-01-14 22:43:57 UTC</createdTime>
<ownerDesignName>3_CC2_Groupe8_MPD_DM1</ownerDesignName>
<indexState>Foreign Key</indexState>
<isSurrogateKey>false</isSurrogateKey>
<indexColumnUsage>
<colUsage columnID="74A9D05E-83AD-3D6D-E740-5C4F0969DE60"/>
</indexColumnUsage>
</ind_PK_UK>
<ind_PK_UK id="2BE0A9DE-5005-D8D8-5F7B-A48FE2A4DEF1" name="DIM_DATE_FIN_PREPARATION_D_FK">
<createdBy>farie</createdBy>
<createdTime>2024-01-14 22:47:19 UTC</createdTime>
<ownerDesignName>3_CC2_Groupe8_MPD_DM1</ownerDesignName>
<indexState>Foreign Key</indexState>
<isSurrogateKey>false</isSurrogateKey>
<indexColumnUsage>
<colUsage columnID="2BC28680-0601-B804-45B8-8D505CAC7540"/>
</indexColumnUsage>
</ind_PK_UK>
<ind_PK_UK id="2A2A3384-10F5-B32D-F2BC-284ECE9DFCAA" name="DIM_ADRESSE_NORM_CLIENT_D_FK">
<createdBy>farie</createdBy>
<createdTime>2024-01-14 22:49:29 UTC</createdTime>
<ownerDesignName>3_CC2_Groupe8_MPD_DM1</ownerDesignName>
<indexState>Foreign Key</indexState>
<isSurrogateKey>false</isSurrogateKey>
<indexColumnUsage>
<colUsage columnID="B12DFB2E-6FCB-FF86-2C0C-7E7C45C13179"/>
</indexColumnUsage>
</ind_PK_UK>
<ind_PK_UK id="AF9CE314-D723-D81F-2CA6-128C05011449" name="DIM_ADRESSE_NORM_RESTAURANT_D_FK">
<createdBy>farie</createdBy>
<createdTime>2024-01-14 22:50:01 UTC</createdTime>
<ownerDesignName>3_CC2_Groupe8_MPD_DM1</ownerDesignName>
<indexState>Foreign Key</indexState>
<isSurrogateKey>false</isSurrogateKey>
<indexColumnUsage>
<colUsage columnID="6E43D324-86F5-AA25-64B0-F304E9C103EF"/>
</indexColumnUsage>
</ind_PK_UK>
<ind_PK_UK id="53847022-DB24-8A09-8AFE-EBB8BAFB5C11" name="DIM_DATE_COMMANDE_D_FK">
<createdBy>farie</createdBy>
<createdTime>2024-01-14 22:50:38 UTC</createdTime>
<ownerDesignName>3_CC2_Groupe8_MPD_DM1</ownerDesignName>
<indexState>Foreign Key</indexState>
<isSurrogateKey>false</isSurrogateKey>
<indexColumnUsage>
<colUsage columnID="4BFC307A-2133-6382-53D1-0DC3A11A47CF"/>
</indexColumnUsage>
</ind_PK_UK>
</indexes>
</Table>