<?xml version = '1.0' encoding = 'UTF-8'?>
<Table class="oracle.dbtools.crest.model.design.relational.Table" directorySegmentName="seg_0" id="4D8325D3-3216-09FE-78F9-888FF0FC2BFA" schemaObject="65CBC5E7-1F1A-29E3-1253-FF10B1D88F3F" name="DIM_DATE_FIN_PREPARATION_D">
<createdBy>farie</createdBy>
<createdTime>2024-01-14 21:08:39 UTC</createdTime>
<ownerDesignName>3_CC2_Groupe8_MPD_DM1</ownerDesignName>
<ordsAlias>table_19</ordsAlias>
<typeID>2</typeID>
<allowColumnReorder>false</allowColumnReorder>
<existDependencyGenerateInDDl>true</existDependencyGenerateInDDl>
<parsed>true</parsed>
<columns itemClass="oracle.dbtools.crest.model.design.relational.Column">
<Column name="ID_DATE_FIN_PREPARATION" id="CC3338A6-7EE7-3CB4-1BE6-8139247259F6">
<createdBy>farie</createdBy>
<createdTime>2024-01-19 08:55:49 UTC</createdTime>
<ownerDesignName>3_CC2_Groupe8_MPD_DM1</ownerDesignName>
<useDomainConstraints>false</useDomainConstraints>
<use>1</use>
<logicalDatatype>LOGDT019</logicalDatatype>
<ownDataTypeParameters>,,</ownDataTypeParameters>
<autoIncrementColumn>true</autoIncrementColumn>
<autoIncrementCycle>false</autoIncrementCycle>
<autoIncrementSequenceName>SEQ_DATE_FIN_PREPARATION</autoIncrementSequenceName>
<autoIncrementGenerateTrigger>false</autoIncrementGenerateTrigger>
</Column>
<Column name="ID_DATE_FIN_PREPARATION_SRC" id="2AACC3B6-BFDD-9D76-5034-E58F5CD141BB">
<createdBy>farie</createdBy>
<createdTime>2024-01-19 08:55:49 UTC</createdTime>
<ownerDesignName>3_CC2_Groupe8_MPD_DM1</ownerDesignName>
<nullsAllowed>true</nullsAllowed>
<useDomainConstraints>false</useDomainConstraints>
<use>1</use>
<logicalDatatype>LOGDT019</logicalDatatype>
<ownDataTypeParameters>,,</ownDataTypeParameters>
<autoIncrementCycle>false</autoIncrementCycle>
</Column>
<Column name="DATE_FIN_PREPARATION" id="833DC630-ADFD-9EC2-4363-E80F35BBD183">
<createdBy>farie</createdBy>
<createdTime>2024-01-14 21:24:25 UTC</createdTime>
<ownerDesignName>3_CC2_Groupe8_MPD_DM1</ownerDesignName>
<nullsAllowed>true</nullsAllowed>
<useDomainConstraints>false</useDomainConstraints>
<use>1</use>
<logicalDatatype>LOGDT007</logicalDatatype>
<ownDataTypeParameters>,,</ownDataTypeParameters>
<autoIncrementCycle>false</autoIncrementCycle>
</Column>
<Column name="JOUR" id="9E5BF150-0191-E5DB-9DEB-7ADE5EBCDF17">
<createdBy>farie</createdBy>
<createdTime>2024-01-14 21:12:01 UTC</createdTime>
<ownerDesignName>3_CC2_Groupe8_MPD_DM1</ownerDesignName>
<nullsAllowed>true</nullsAllowed>
<useDomainConstraints>false</useDomainConstraints>
<use>1</use>
<logicalDatatype>LOGDT024</logicalDatatype>
<dataTypeSize>100</dataTypeSize>
<ownDataTypeParameters>100,,</ownDataTypeParameters>
<autoIncrementCycle>false</autoIncrementCycle>
</Column>
<Column name="MOIS" id="8337E15D-26BE-91DD-4A68-30A95F609199">
<createdBy>farie</createdBy>
<createdTime>2024-01-14 21:12:01 UTC</createdTime>
<ownerDesignName>3_CC2_Groupe8_MPD_DM1</ownerDesignName>
<nullsAllowed>true</nullsAllowed>
<useDomainConstraints>false</useDomainConstraints>
<use>1</use>
<logicalDatatype>LOGDT024</logicalDatatype>
<dataTypeSize>100</dataTypeSize>
<ownDataTypeParameters>100,,</ownDataTypeParameters>
<autoIncrementCycle>false</autoIncrementCycle>
</Column>
<Column name="ANNEE" id="994BFC7A-D713-7375-85FF-08AE38405F25">
<createdBy>farie</createdBy>
<createdTime>2024-01-14 21:12:01 UTC</createdTime>
<ownerDesignName>3_CC2_Groupe8_MPD_DM1</ownerDesignName>
<nullsAllowed>true</nullsAllowed>
<useDomainConstraints>false</useDomainConstraints>
<use>1</use>
<logicalDatatype>LOGDT024</logicalDatatype>
<dataTypeSize>100</dataTypeSize>
<ownDataTypeParameters>100,,</ownDataTypeParameters>
<autoIncrementCycle>false</autoIncrementCycle>
</Column>
<Column name="HEURE" id="11A14566-5108-5933-7C3D-8BDE63317C90">
<createdBy>farie</createdBy>
<createdTime>2024-01-14 21:12:01 UTC</createdTime>
<ownerDesignName>3_CC2_Groupe8_MPD_DM1</ownerDesignName>
<nullsAllowed>true</nullsAllowed>
<useDomainConstraints>false</useDomainConstraints>
<use>1</use>
<logicalDatatype>LOGDT024</logicalDatatype>
<dataTypeSize>100</dataTypeSize>
<ownDataTypeParameters>100,,</ownDataTypeParameters>
<autoIncrementCycle>false</autoIncrementCycle>
</Column>
<Column name="MINUTE" id="EF97A20A-672C-0E2E-B81D-ADC07C8B3E4D">
<createdBy>farie</createdBy>
<createdTime>2024-01-14 21:12:01 UTC</createdTime>
<ownerDesignName>3_CC2_Groupe8_MPD_DM1</ownerDesignName>
<nullsAllowed>true</nullsAllowed>
<useDomainConstraints>false</useDomainConstraints>
<use>1</use>
<logicalDatatype>LOGDT024</logicalDatatype>
<dataTypeSize>100</dataTypeSize>
<ownDataTypeParameters>100,,</ownDataTypeParameters>
<autoIncrementCycle>false</autoIncrementCycle>
</Column>
</columns>
<indexes itemClass="oracle.dbtools.crest.model.design.relational.Index">
<ind_PK_UK id="8145A042-2D1B-7A98-AF21-0409DD39A3F1" name="DATE_FIN_PREPARATION_PK">
<createdBy>farie</createdBy>
<createdTime>2024-01-14 21:11:06 UTC</createdTime>
<ownerDesignName>3_CC2_Groupe8_MPD_DM1</ownerDesignName>
<pk>true</pk>
<indexState>Primary Constraint</indexState>
<isSurrogateKey>false</isSurrogateKey>
<indexColumnUsage>
<colUsage columnID="CC3338A6-7EE7-3CB4-1BE6-8139247259F6"/>
</indexColumnUsage>
</ind_PK_UK>
</indexes>
</Table>