<?xml version = '1.0' encoding = 'UTF-8'?>
<Table class="oracle.dbtools.crest.model.design.relational.Table" directorySegmentName="seg_0" id="522BB87C-0CAD-C6E8-9CFF-8375AEE2F1C9" schemaObject="65CBC5E7-1F1A-29E3-1253-FF10B1D88F3F" name="DIM_MOYEN_PAIEMENT_D">
<createdBy>farie</createdBy>
<createdTime>2024-01-14 20:45:00 UTC</createdTime>
<ownerDesignName>3_CC2_Groupe8_MPD_DM1</ownerDesignName>
<ordsAlias>table_13</ordsAlias>
<typeID>2</typeID>
<allowColumnReorder>false</allowColumnReorder>
<existDependencyGenerateInDDl>true</existDependencyGenerateInDDl>
<parsed>true</parsed>
<columns itemClass="oracle.dbtools.crest.model.design.relational.Column">
<Column name="ID_MOYEN_PAIEMENT" id="2D1575C9-989A-3D9E-E008-800B7C798066">
<createdBy>farie</createdBy>
<createdTime>2024-01-14 20:46:50 UTC</createdTime>
<ownerDesignName>3_CC2_Groupe8_MPD_DM1</ownerDesignName>
<useDomainConstraints>false</useDomainConstraints>
<use>1</use>
<logicalDatatype>LOGDT019</logicalDatatype>
<ownDataTypeParameters>,,</ownDataTypeParameters>
<autoIncrementColumn>true</autoIncrementColumn>
<autoIncrementCycle>false</autoIncrementCycle>
<autoIncrementSequenceName>SEQ_MOYEN_PAIEMENT</autoIncrementSequenceName>
<autoIncrementGenerateTrigger>false</autoIncrementGenerateTrigger>
</Column>
<Column name="ID_MOYEN_PAIEMENT_SRC" id="3CDBCBD5-D8C9-8DC0-C2CD-80202A0F0039">
<createdBy>farie</createdBy>
<createdTime>2024-01-14 20:46:50 UTC</createdTime>
<ownerDesignName>3_CC2_Groupe8_MPD_DM1</ownerDesignName>
<nullsAllowed>true</nullsAllowed>
<useDomainConstraints>false</useDomainConstraints>
<use>1</use>
<logicalDatatype>LOGDT019</logicalDatatype>
<ownDataTypeParameters>,,</ownDataTypeParameters>
<autoIncrementCycle>false</autoIncrementCycle>
</Column>
<Column name="CODE_MOYEN_PAIEMENT" id="545B326D-3314-717C-AFD7-669BDA0C18BA">
<createdBy>farie</createdBy>
<createdTime>2024-01-14 20:46:50 UTC</createdTime>
<ownerDesignName>3_CC2_Groupe8_MPD_DM1</ownerDesignName>
<nullsAllowed>true</nullsAllowed>
<useDomainConstraints>false</useDomainConstraints>
<use>1</use>
<logicalDatatype>LOGDT024</logicalDatatype>
<dataTypeSize>6</dataTypeSize>
<ownDataTypeParameters>6,,</ownDataTypeParameters>
<autoIncrementCycle>false</autoIncrementCycle>
</Column>
<Column name="LIBELLE_MOYEN_PAIEMENT" id="9D960F4D-AD32-C85C-1737-0269E17CFE45">
<createdBy>farie</createdBy>
<createdTime>2024-01-14 20:46:50 UTC</createdTime>
<ownerDesignName>3_CC2_Groupe8_MPD_DM1</ownerDesignName>
<nullsAllowed>true</nullsAllowed>
<useDomainConstraints>false</useDomainConstraints>
<use>1</use>
<logicalDatatype>LOGDT024</logicalDatatype>
<dataTypeSize>100</dataTypeSize>
<ownDataTypeParameters>100,,</ownDataTypeParameters>
<autoIncrementCycle>false</autoIncrementCycle>
</Column>
</columns>
<indexes itemClass="oracle.dbtools.crest.model.design.relational.Index">
<ind_PK_UK id="D407347E-D480-C0DB-5AAE-FC2891D569AD" name="DIM_MOYEN_PAIEMENT_D_PK">
<createdBy>farie</createdBy>
<createdTime>2024-01-14 20:52:42 UTC</createdTime>
<ownerDesignName>3_CC2_Groupe8_MPD_DM1</ownerDesignName>
<pk>true</pk>
<indexState>Primary Constraint</indexState>
<isSurrogateKey>false</isSurrogateKey>
<indexColumnUsage>
<colUsage columnID="2D1575C9-989A-3D9E-E008-800B7C798066"/>
</indexColumnUsage>
</ind_PK_UK>
</indexes>
</Table>