<?xml version = '1.0' encoding = 'UTF-8'?>
<Table class="oracle.dbtools.crest.model.design.relational.Table" directorySegmentName="seg_0" id="BD41796E-710F-EE98-6B7E-B6D7F39D072D" schemaObject="65CBC5E7-1F1A-29E3-1253-FF10B1D88F3F" name="DIM_ADRESSE_NORM_CLIENT_D">
<createdBy>farie</createdBy>
<createdTime>2024-01-14 20:46:54 UTC</createdTime>
<ownerDesignName>3_CC2_Groupe8_MPD_DM1</ownerDesignName>
<ordsAlias>table_14</ordsAlias>
<typeID>2</typeID>
<allowColumnReorder>false</allowColumnReorder>
<existDependencyGenerateInDDl>true</existDependencyGenerateInDDl>
<parsed>true</parsed>
<columns itemClass="oracle.dbtools.crest.model.design.relational.Column">
<Column name="ID_ADRESSE_NORM_CLIENT" id="35FF5F8C-1E39-6D43-0DAA-D5B3ED6EAD5C">
<createdBy>farie</createdBy>
<createdTime>2024-01-14 20:49:47 UTC</createdTime>
<ownerDesignName>3_CC2_Groupe8_MPD_DM1</ownerDesignName>
<useDomainConstraints>false</useDomainConstraints>
<use>1</use>
<logicalDatatype>LOGDT019</logicalDatatype>
<ownDataTypeParameters>,,</ownDataTypeParameters>
<autoIncrementColumn>true</autoIncrementColumn>
<autoIncrementCycle>false</autoIncrementCycle>
<autoIncrementSequenceName>SEQ_ADRESSE_NORM_CLIENT</autoIncrementSequenceName>
<autoIncrementGenerateTrigger>false</autoIncrementGenerateTrigger>
</Column>
<Column name="ID_ADRESSE_NORM_CLIENT_SRC" id="2023EB1E-D4A4-D548-E012-7C9FAE3275C4">
<createdBy>farie</createdBy>
<createdTime>2024-01-14 20:49:47 UTC</createdTime>
<ownerDesignName>3_CC2_Groupe8_MPD_DM1</ownerDesignName>
<nullsAllowed>true</nullsAllowed>
<useDomainConstraints>false</useDomainConstraints>
<use>1</use>
<logicalDatatype>LOGDT019</logicalDatatype>
<ownDataTypeParameters>,,</ownDataTypeParameters>
<autoIncrementCycle>false</autoIncrementCycle>
</Column>
<Column name="NUMERO_VOIE_CLIENT" id="1CFE07FA-B8E9-93C2-54CE-AA3EE95427BE">
<createdBy>farie</createdBy>
<createdTime>2024-01-14 20:49:47 UTC</createdTime>
<ownerDesignName>3_CC2_Groupe8_MPD_DM1</ownerDesignName>
<nullsAllowed>true</nullsAllowed>
<useDomainConstraints>false</useDomainConstraints>
<use>1</use>
<logicalDatatype>LOGDT024</logicalDatatype>
<dataTypeSize>10</dataTypeSize>
<ownDataTypeParameters>10,,</ownDataTypeParameters>
<autoIncrementCycle>false</autoIncrementCycle>
</Column>
<Column name="NOM_VOIE_CLIENT" id="9B0F0BDA-025A-2FA3-9249-6303DCBC49FF">
<createdBy>farie</createdBy>
<createdTime>2024-01-14 20:49:47 UTC</createdTime>
<ownerDesignName>3_CC2_Groupe8_MPD_DM1</ownerDesignName>
<nullsAllowed>true</nullsAllowed>
<useDomainConstraints>false</useDomainConstraints>
<use>1</use>
<logicalDatatype>LOGDT024</logicalDatatype>
<dataTypeSize>100</dataTypeSize>
<ownDataTypeParameters>100,,</ownDataTypeParameters>
<autoIncrementCycle>false</autoIncrementCycle>
</Column>
<Column name="CODE_POSTAL_CLIENT" id="8FECD5D2-CA83-6CC4-90D2-5DE69BC2FFBD">
<createdBy>farie</createdBy>
<createdTime>2024-01-14 20:49:47 UTC</createdTime>
<ownerDesignName>3_CC2_Groupe8_MPD_DM1</ownerDesignName>
<nullsAllowed>true</nullsAllowed>
<useDomainConstraints>false</useDomainConstraints>
<use>1</use>
<logicalDatatype>LOGDT024</logicalDatatype>
<dataTypeSize>10</dataTypeSize>
<ownDataTypeParameters>10,,</ownDataTypeParameters>
<autoIncrementCycle>false</autoIncrementCycle>
</Column>
<Column name="NOM_VILLE_CLIENT" id="2217C79E-E021-FC53-BAEE-AB63156FBC83">
<createdBy>farie</createdBy>
<createdTime>2024-01-14 20:49:47 UTC</createdTime>
<ownerDesignName>3_CC2_Groupe8_MPD_DM1</ownerDesignName>
<nullsAllowed>true</nullsAllowed>
<useDomainConstraints>false</useDomainConstraints>
<use>1</use>
<logicalDatatype>LOGDT024</logicalDatatype>
<dataTypeSize>100</dataTypeSize>
<ownDataTypeParameters>100,,</ownDataTypeParameters>
<autoIncrementCycle>false</autoIncrementCycle>
</Column>
<Column name="LONGITUDE" id="868D6DE7-A9F4-1AB5-2BA4-C714BD2D963E">
<createdBy>farie</createdBy>
<createdTime>2024-01-14 20:49:47 UTC</createdTime>
<ownerDesignName>3_CC2_Groupe8_MPD_DM1</ownerDesignName>
<nullsAllowed>true</nullsAllowed>
<useDomainConstraints>false</useDomainConstraints>
<use>1</use>
<logicalDatatype>LOGDT024</logicalDatatype>
<dataTypeSize>20</dataTypeSize>
<ownDataTypeParameters>20,,</ownDataTypeParameters>
<autoIncrementCycle>false</autoIncrementCycle>
</Column>
<Column name="LATITUDE" id="1F96F295-08BF-EBFE-3F6D-B51A12C15090">
<createdBy>farie</createdBy>
<createdTime>2024-01-14 20:49:47 UTC</createdTime>
<ownerDesignName>3_CC2_Groupe8_MPD_DM1</ownerDesignName>
<nullsAllowed>true</nullsAllowed>
<useDomainConstraints>false</useDomainConstraints>
<use>1</use>
<logicalDatatype>LOGDT024</logicalDatatype>
<dataTypeSize>20</dataTypeSize>
<ownDataTypeParameters>20,,</ownDataTypeParameters>
<autoIncrementCycle>false</autoIncrementCycle>
</Column>
<Column name="SCD_DEBUT" id="9DD6989E-4926-118F-8ECA-4C802D2B4B7C">
<createdBy>root</createdBy>
<createdTime>2024-01-19 19:32:53 UTC</createdTime>
<ownerDesignName>3_CC2_Groupe8_MPD_DM1</ownerDesignName>
<nullsAllowed>true</nullsAllowed>
<useDomainConstraints>false</useDomainConstraints>
<use>1</use>
<logicalDatatype>LOGDT007</logicalDatatype>
<ownDataTypeParameters>,,</ownDataTypeParameters>
<autoIncrementCycle>false</autoIncrementCycle>
</Column>
<Column name="SCD_FIN" id="23ABC730-80FA-93D5-1857-E2442DEDA939">
<createdBy>root</createdBy>
<createdTime>2024-01-19 19:33:20 UTC</createdTime>
<ownerDesignName>3_CC2_Groupe8_MPD_DM1</ownerDesignName>
<nullsAllowed>true</nullsAllowed>
<useDomainConstraints>false</useDomainConstraints>
<use>1</use>
<logicalDatatype>LOGDT007</logicalDatatype>
<ownDataTypeParameters>,,</ownDataTypeParameters>
<autoIncrementCycle>false</autoIncrementCycle>
</Column>
</columns>
<indexes itemClass="oracle.dbtools.crest.model.design.relational.Index">
<ind_PK_UK id="08D3A6F4-5BF5-8C13-C701-E290437DF1AA" name="DIM_ADRESSE_NORM_CLIENT_PK">
<createdBy>farie</createdBy>
<createdTime>2024-01-14 20:49:47 UTC</createdTime>
<ownerDesignName>3_CC2_Groupe8_MPD_DM1</ownerDesignName>
<pk>true</pk>
<indexState>Primary Constraint</indexState>
<isSurrogateKey>false</isSurrogateKey>
<indexColumnUsage>
<colUsage columnID="35FF5F8C-1E39-6D43-0DAA-D5B3ED6EAD5C"/>
</indexColumnUsage>
</ind_PK_UK>
</indexes>
</Table>