<?xml version = '1.0' encoding = 'UTF-8'?>
<FKIndexAssociation class="oracle.dbtools.crest.model.design.relational.FKIndexAssociation" directorySegmentName="seg_0" id="0809B7FF-74AE-1D6F-B969-D024582E8A19" containerWithKeyObject="35F4296B-A201-20CE-8FF5-C3682371E6B1" localFKIndex="0F08A02A-67A4-C0CD-D749-4C058ED9C34F" name="LIVREUR_MOYEN_LIVRAISON_FK">
<sourceDDLFile>Model_OPE_DSID.sql</sourceDDLFile>
<createdBy>RAR9</createdBy>
<createdTime>2024-01-15 18:06:49 UTC</createdTime>
<ownerDesignName>1_CC2_GRP8_MPD_SI_OPE</ownerDesignName>
<importedID>A73E165B-8B7E-BBD3-83CD-0F89432344DA</importedID>
<referredTableLongName>DSID_LIV_OPE.MOYEN_LIVRAISON</referredTableLongName>
<deleteRule>NO ACTION</deleteRule>
<referredTableID>20044E77-F1AA-CC31-7A0B-A8494FEE33A6</referredTableID>
<keyObject>21D0A59C-A192-3272-D035-F076E7A09EF3</keyObject>
<referredKeyID>21D0A59C-A192-3272-D035-F076E7A09EF3</referredKeyID>
<mandatory>true</mandatory>
<refColNames>ID_MOYEN_LIVRAISON</refColNames>
<transferable>true</transferable>
<rely>false</rely>
<columnDependencyConstraintGenerateInDDL>true</columnDependencyConstraintGenerateInDDL>
</FKIndexAssociation>