<?xml version = '1.0' encoding = 'UTF-8'?>
<FKIndexAssociation class="oracle.dbtools.crest.model.design.relational.FKIndexAssociation" directorySegmentName="seg_0" id="1D9BB7E3-BDA7-C831-9924-8C843CF40C34" containerWithKeyObject="E992F90F-C036-B904-2CEA-D161FAC277F9" localFKIndex="C3FAFF06-D57B-993D-F4FC-8686586BBC26" name="ADRESSE_NORMALISEE_CLIENT_FK">
<sourceDDLFile>Model_OPE_DSID.sql</sourceDDLFile>
<createdBy>RAR9</createdBy>
<createdTime>2024-01-15 18:06:49 UTC</createdTime>
<ownerDesignName>1_CC2_GRP8_MPD_SI_OPE</ownerDesignName>
<importedID>8762EA40-7A39-1E64-8529-00FBA27C791F</importedID>
<referredTableLongName>DSID_LIV_OPE.ADRESSE_CLIENT</referredTableLongName>
<deleteRule>NO ACTION</deleteRule>
<referredTableID>0DCDC08E-3DE2-102B-CEA5-365AB46D287E</referredTableID>
<keyObject>03E6185A-0FEE-E165-0502-2229F02178D5</keyObject>
<referredKeyID>03E6185A-0FEE-E165-0502-2229F02178D5</referredKeyID>
<mandatory>true</mandatory>
<refColNames>ID_ADRESSE_CLIENT</refColNames>
<transferable>true</transferable>
<rely>false</rely>
<columnDependencyConstraintGenerateInDDL>true</columnDependencyConstraintGenerateInDDL>
</FKIndexAssociation>