<?xml version = '1.0' encoding = 'UTF-8'?>
<FKIndexAssociation class="oracle.dbtools.crest.model.design.relational.FKIndexAssociation" directorySegmentName="seg_0" id="246FF964-B123-8680-88FE-52D439042B4A" containerWithKeyObject="3288C43E-2F5D-2AAB-06C5-B4893A8AE299" localFKIndex="81B11959-23AC-5C9E-1561-51CB41B94138" name="COMMANDE_MOYEN_PAIEMENT_FK">
<sourceDDLFile>Model_OPE_DSID.sql</sourceDDLFile>
<createdBy>RAR9</createdBy>
<createdTime>2024-01-15 18:06:49 UTC</createdTime>
<ownerDesignName>1_CC2_GRP8_MPD_SI_OPE</ownerDesignName>
<importedID>2051061F-5548-1D19-E36D-018430A2F8C5</importedID>
<referredTableLongName>DSID_LIV_OPE.MOYEN_PAIEMENT</referredTableLongName>
<deleteRule>NO ACTION</deleteRule>
<referredTableID>6974C93F-C93D-D295-0118-91EE3C744253</referredTableID>
<keyObject>58DC58BB-85F5-6287-54DC-0B9FE6462430</keyObject>
<referredKeyID>58DC58BB-85F5-6287-54DC-0B9FE6462430</referredKeyID>
<mandatory>true</mandatory>
<refColNames>ID_MOYEN_PAIEMENT</refColNames>
<transferable>true</transferable>
<rely>false</rely>
<columnDependencyConstraintGenerateInDDL>true</columnDependencyConstraintGenerateInDDL>
</FKIndexAssociation>