<?xml version = '1.0' encoding = 'UTF-8'?>
<FKIndexAssociation class="oracle.dbtools.crest.model.design.relational.FKIndexAssociation" directorySegmentName="seg_0" id="3AFF0D57-D152-1C68-415A-5FF46DEFCBEE" containerWithKeyObject="3288C43E-2F5D-2AAB-06C5-B4893A8AE299" localFKIndex="0D0174F6-C93F-AC7E-0299-A1063F5DBBB2" name="COMMANDE_CONTENU_FK">
<sourceDDLFile>Model_OPE_DSID.sql</sourceDDLFile>
<createdBy>RAR9</createdBy>
<createdTime>2024-01-15 18:06:49 UTC</createdTime>
<ownerDesignName>1_CC2_GRP8_MPD_SI_OPE</ownerDesignName>
<importedID>062FE2E5-04E5-889C-4A2D-3AE9507563A4</importedID>
<referredTableLongName>DSID_LIV_OPE.MENU</referredTableLongName>
<deleteRule>NO ACTION</deleteRule>
<referredTableID>A2E0F68B-05AC-C8AC-994B-CF51FFF25272</referredTableID>
<keyObject>88D5BDBE-C6BF-1FAA-FAD3-341A46485AB1</keyObject>
<referredKeyID>88D5BDBE-C6BF-1FAA-FAD3-341A46485AB1</referredKeyID>
<mandatory>true</mandatory>
<refColNames>ID_MENU</refColNames>
<transferable>true</transferable>
<rely>false</rely>
<columnDependencyConstraintGenerateInDDL>true</columnDependencyConstraintGenerateInDDL>
</FKIndexAssociation>