<?xml version = '1.0' encoding = 'UTF-8'?>
<FKIndexAssociation class="oracle.dbtools.crest.model.design.relational.FKIndexAssociation" directorySegmentName="seg_0" id="5E868D5B-3E0B-B05C-6C2C-7D8F5AF3B523" containerWithKeyObject="3288C43E-2F5D-2AAB-06C5-B4893A8AE299" localFKIndex="69990562-AEDD-04C5-BABA-748ADADD6A1A" name="COMMANDE_CLIENT_FK">
<createdBy>RAR9</createdBy>
<createdTime>2024-01-15 18:06:49 UTC</createdTime>
<ownerDesignName>1_CC2_GRP8_MPD_SI_OPE</ownerDesignName>
<importedID>977B8D1F-2C1A-F415-A143-D178EA1D5B65</importedID>
<referredTableLongName>DSID_LIV_OPE.CLIENT</referredTableLongName>
<deleteRule>NO ACTION</deleteRule>
<referredTableID>5B1FA697-D548-617E-FD75-71D0DF4B046D</referredTableID>
<keyObject>E4854676-7A1A-B1A0-B38C-A54A97E7FC93</keyObject>
<referredKeyID>E4854676-7A1A-B1A0-B38C-A54A97E7FC93</referredKeyID>
<mandatory>true</mandatory>
<refColNames>ID_CLIENT</refColNames>
<transferable>true</transferable>
<rely>false</rely>
<columnDependencyConstraintGenerateInDDL>true</columnDependencyConstraintGenerateInDDL>
</FKIndexAssociation>