<?xml version = '1.0' encoding = 'UTF-8'?>
<FKIndexAssociation class="oracle.dbtools.crest.model.design.relational.FKIndexAssociation" directorySegmentName="seg_0" id="637A5000-3730-AE62-872D-9841DF1D602B" containerWithKeyObject="F50640FC-FD74-228B-6FC7-AD93A5B8E477" localFKIndex="E744A07F-1BAF-FFC6-B295-8F7DA06FE120" name="PREPARATION_RESTAURANT_FK">
<sourceDDLFile>Model_OPE_DSID.sql</sourceDDLFile>
<createdBy>RAR9</createdBy>
<createdTime>2024-01-15 18:06:49 UTC</createdTime>
<ownerDesignName>1_CC2_GRP8_MPD_SI_OPE</ownerDesignName>
<importedID>9628F378-E457-E1BA-A7E5-E9DD5DED2310</importedID>
<referredTableLongName>DSID_LIV_OPE.RESTAURANT</referredTableLongName>
<deleteRule>NO ACTION</deleteRule>
<referredTableID>1B18DD7D-7761-0547-5306-268EE0A644F1</referredTableID>
<keyObject>F792C240-BA4E-2322-7488-A40A444D2E8F</keyObject>
<referredKeyID>F792C240-BA4E-2322-7488-A40A444D2E8F</referredKeyID>
<mandatory>true</mandatory>
<refColNames>ID_RESTAURANT</refColNames>
<transferable>true</transferable>
<rely>false</rely>
<columnDependencyConstraintGenerateInDDL>true</columnDependencyConstraintGenerateInDDL>
</FKIndexAssociation>