<?xml version = '1.0' encoding = 'UTF-8'?>
<FKIndexAssociation class="oracle.dbtools.crest.model.design.relational.FKIndexAssociation" directorySegmentName="seg_0" id="774E3875-69DA-A165-03BE-89644996AF8A" containerWithKeyObject="B4AB094D-20A8-31EC-EDBB-ACDFDEAC0FC5" localFKIndex="05BDA499-CCC1-DE1F-0DF4-5E5707D0F41C" name="LIVRAISON_LIVREUR_FK">
<sourceDDLFile>Model_OPE_DSID.sql</sourceDDLFile>
<createdBy>RAR9</createdBy>
<createdTime>2024-01-15 18:06:49 UTC</createdTime>
<ownerDesignName>1_CC2_GRP8_MPD_SI_OPE</ownerDesignName>
<importedID>E6671D6C-B252-2C2B-DA98-54A50C4CE4F1</importedID>
<referredTableLongName>DSID_LIV_OPE.LIVREUR</referredTableLongName>
<deleteRule>NO ACTION</deleteRule>
<referredTableID>35F4296B-A201-20CE-8FF5-C3682371E6B1</referredTableID>
<keyObject>6BA40885-95A2-7830-9B49-9E7319855D25</keyObject>
<referredKeyID>6BA40885-95A2-7830-9B49-9E7319855D25</referredKeyID>
<mandatory>true</mandatory>
<refColNames>ID_LIVREUR</refColNames>
<transferable>true</transferable>
<rely>false</rely>
<columnDependencyConstraintGenerateInDDL>true</columnDependencyConstraintGenerateInDDL>
</FKIndexAssociation>