<?xml version = '1.0' encoding = 'UTF-8'?>
<FKIndexAssociation class="oracle.dbtools.crest.model.design.relational.FKIndexAssociation" directorySegmentName="seg_0" id="797F971A-D6C5-C875-ED47-1355E90D0F77" containerWithKeyObject="1B18DD7D-7761-0547-5306-268EE0A644F1" localFKIndex="91E051A9-5F7A-1CE3-0C3C-53574D044E7D" name="RESTAURANT_ADRESSE_RESTAURANT_FK">
<createdBy>RAR9</createdBy>
<createdTime>2024-01-15 18:06:49 UTC</createdTime>
<ownerDesignName>1_CC2_GRP8_MPD_SI_OPE</ownerDesignName>
<importedID>F2949E21-C890-AF91-0860-79AC903D4156</importedID>
<referredTableLongName>DSID_LIV_OPE.ADRESSE_RESTAURANT</referredTableLongName>
<deleteRule>NO ACTION</deleteRule>
<referredTableID>98CE7A45-2790-BFE6-BC0C-C2E74CDBAAF4</referredTableID>
<keyObject>29546DC2-E9A5-1FAD-C2D8-995570BEE05A</keyObject>
<referredKeyID>29546DC2-E9A5-1FAD-C2D8-995570BEE05A</referredKeyID>
<mandatory>true</mandatory>
<refColNames>ID_ADRESSE_RESTAURANT</refColNames>
<transferable>true</transferable>
<rely>false</rely>
<columnDependencyConstraintGenerateInDDL>true</columnDependencyConstraintGenerateInDDL>
</FKIndexAssociation>