<?xml version = '1.0' encoding = 'UTF-8'?>
<FKIndexAssociation class="oracle.dbtools.crest.model.design.relational.FKIndexAssociation" directorySegmentName="seg_0" id="8FA9333C-DA06-18AE-054C-205119A65787" containerWithKeyObject="5B1FA697-D548-617E-FD75-71D0DF4B046D" localFKIndex="F765772E-8250-7F2A-9D97-E730CC46B9DB" name="CLIENT_ADRESSE_CLIENT_FK">
<createdBy>RAR9</createdBy>
<createdTime>2024-01-15 18:06:49 UTC</createdTime>
<ownerDesignName>1_CC2_GRP8_MPD_SI_OPE</ownerDesignName>
<importedID>19DF4A05-DDDE-BF30-1CA3-8CD506B9637A</importedID>
<referredTableLongName>DSID_LIV_OPE.ADRESSE_CLIENT</referredTableLongName>
<deleteRule>NO ACTION</deleteRule>
<referredTableID>0DCDC08E-3DE2-102B-CEA5-365AB46D287E</referredTableID>
<keyObject>03E6185A-0FEE-E165-0502-2229F02178D5</keyObject>
<referredKeyID>03E6185A-0FEE-E165-0502-2229F02178D5</referredKeyID>
<mandatory>true</mandatory>
<refColNames>ID_ADRESSE_CLIENT</refColNames>
<transferable>true</transferable>
<rely>false</rely>
<columnDependencyConstraintGenerateInDDL>true</columnDependencyConstraintGenerateInDDL>
</FKIndexAssociation>