<?xml version = '1.0' encoding = 'UTF-8'?>
<FKIndexAssociation class="oracle.dbtools.crest.model.design.relational.FKIndexAssociation" directorySegmentName="seg_0" id="C2DBFFB2-8225-DE4F-3E45-3E393C39E962" containerWithKeyObject="6EA1BB70-C1A1-59B7-249A-A963C49BDB37" localFKIndex="ADDD9BA4-FAFA-10F4-3744-F47889FAA94B" name="ADRESSE_RESTAURANT_FK">
<sourceDDLFile>Model_OPE_DSID.sql</sourceDDLFile>
<createdBy>RAR9</createdBy>
<createdTime>2024-01-15 18:06:49 UTC</createdTime>
<ownerDesignName>1_CC2_GRP8_MPD_SI_OPE</ownerDesignName>
<importedID>F92AF288-4DAD-2A1E-E945-2BCD76CF9FE7</importedID>
<referredTableLongName>DSID_LIV_OPE.ADRESSE_RESTAURANT</referredTableLongName>
<deleteRule>NO ACTION</deleteRule>
<referredTableID>98CE7A45-2790-BFE6-BC0C-C2E74CDBAAF4</referredTableID>
<keyObject>29546DC2-E9A5-1FAD-C2D8-995570BEE05A</keyObject>
<referredKeyID>29546DC2-E9A5-1FAD-C2D8-995570BEE05A</referredKeyID>
<mandatory>true</mandatory>
<refColNames>ID_ADRESSE_RESTAURANT</refColNames>
<transferable>true</transferable>
<rely>false</rely>
<columnDependencyConstraintGenerateInDDL>true</columnDependencyConstraintGenerateInDDL>
</FKIndexAssociation>