<?xml version = '1.0' encoding = 'UTF-8'?>
<FKIndexAssociation class="oracle.dbtools.crest.model.design.relational.FKIndexAssociation" directorySegmentName="seg_0" id="D2C61AEF-E9E3-BDCE-11D9-77AB012F8B6E" containerWithKeyObject="B4AB094D-20A8-31EC-EDBB-ACDFDEAC0FC5" localFKIndex="99C2FF16-548E-6FBC-12E6-9A0B9BA79605" name="LIVRAISON_PREPARATION_FK">
<sourceDDLFile>Model_OPE_DSID.sql</sourceDDLFile>
<createdBy>RAR9</createdBy>
<createdTime>2024-01-15 18:06:49 UTC</createdTime>
<ownerDesignName>1_CC2_GRP8_MPD_SI_OPE</ownerDesignName>
<importedID>2CDAA128-CC46-E95A-3ABE-8B804239A612</importedID>
<referredTableLongName>DSID_LIV_OPE.PREPARATION</referredTableLongName>
<deleteRule>NO ACTION</deleteRule>
<referredTableID>F50640FC-FD74-228B-6FC7-AD93A5B8E477</referredTableID>
<keyObject>3C73F4FD-C330-A7BF-D181-E707F2B537FE</keyObject>
<referredKeyID>3C73F4FD-C330-A7BF-D181-E707F2B537FE</referredKeyID>
<mandatory>true</mandatory>
<refColNames>ID_PREPARATION</refColNames>
<transferable>true</transferable>
<rely>false</rely>
<columnDependencyConstraintGenerateInDDL>true</columnDependencyConstraintGenerateInDDL>
</FKIndexAssociation>