<?xml version = '1.0' encoding = 'UTF-8'?>
<FKIndexAssociation class="oracle.dbtools.crest.model.design.relational.FKIndexAssociation" directorySegmentName="seg_0" id="E4FCA01D-D7C4-868F-27C4-0D44D8655067" containerWithKeyObject="F50640FC-FD74-228B-6FC7-AD93A5B8E477" localFKIndex="40373774-64FA-49BC-33C3-F933E354DC3A" name="PREPARATION_COMMANDE_FK">
<sourceDDLFile>Model_OPE_DSID.sql</sourceDDLFile>
<createdBy>RAR9</createdBy>
<createdTime>2024-01-15 18:06:49 UTC</createdTime>
<ownerDesignName>1_CC2_GRP8_MPD_SI_OPE</ownerDesignName>
<importedID>C787F9C4-498D-9845-3E08-05F04BC665C0</importedID>
<referredTableLongName>DSID_LIV_OPE.COMMANDE</referredTableLongName>
<deleteRule>NO ACTION</deleteRule>
<referredTableID>3288C43E-2F5D-2AAB-06C5-B4893A8AE299</referredTableID>
<keyObject>5B3A8153-617F-EBE4-06C2-7A6BC09504DE</keyObject>
<referredKeyID>5B3A8153-617F-EBE4-06C2-7A6BC09504DE</referredKeyID>
<mandatory>true</mandatory>
<refColNames>ID_COMMANDE</refColNames>
<transferable>true</transferable>
<rely>false</rely>
<columnDependencyConstraintGenerateInDDL>true</columnDependencyConstraintGenerateInDDL>
</FKIndexAssociation>