<?xml version = '1.0' encoding = 'UTF-8'?>
<relationalModel class="oracle.dbtools.crest.model.design.relational.RelationalDesign" name="Relational_1" id="030A47DC-F437-7AD4-4DA2-654F03AAAA7E" mainViewID="EF0E6611-4EA6-7C2B-6677-1C1F7C214FA0">
<createdBy>RAR9</createdBy>
<createdTime>2024-01-15 18:06:13 UTC</createdTime>
<ownerDesignName>1_CC2_GRP8_MPD_SI_OPE</ownerDesignName>
<shouldBeOpen>true</shouldBeOpen>
<selectedRDBMSSite>32076570-2523-435C-2E92-BF29817DFF70</selectedRDBMSSite>
</relationalModel>