<?xml version = '1.0' encoding = 'UTF-8'?>
<relationalModel class="oracle.dbtools.crest.model.design.relational.RelationalDesign" name="1_CC2_GRP8_MPD_SI_OPE" id="09B938A8-C6AC-FE14-4A96-C799E420E312" mainViewID="0ABB8DC9-A875-5348-34E0-378FB1107204">
<createdBy>RAR9</createdBy>
<createdTime>2024-01-15 18:06:46 UTC</createdTime>
<ownerDesignName>1_CC2_GRP8_MPD_SI_OPE</ownerDesignName>
<shouldBeOpen>true</shouldBeOpen>
<selectedRDBMSSite>32076570-2523-435C-2E92-BF29817DFF70</selectedRDBMSSite>
</relationalModel>