<?xml version = '1.0' encoding = 'UTF-8'?>
<relationalModel class="oracle.dbtools.crest.model.design.relational.RelationalDesign" name="Relational_1(2)" id="38D5809F-EEBB-67CD-5C9D-452643A32CE7" mainViewID="CDEAFCDF-0363-358A-290B-1AF7958A0C2C">
<createdBy>RAR9</createdBy>
<createdTime>2024-01-15 18:06:46 UTC</createdTime>
<ownerDesignName>1_CC2_GRP8_MPD_SI_OPE</ownerDesignName>
<shouldBeOpen>true</shouldBeOpen>
<selectedRDBMSSite>32076570-2523-435C-2E92-BF29817DFF70</selectedRDBMSSite>
</relationalModel>