<?xml version = '1.0' encoding = 'UTF-8'?>
<Diagram class="oracle.dbtools.crest.swingui.relational.DPVRelational" name="DWH" id="9271803D-4185-6D12-DE55-2C4D5AB300DF">
<createdBy>RAR9</createdBy>
<modifiedBy>RAR9</modifiedBy>
<createdTime>2024-01-16 13:52:52 UTC</createdTime>
<autoRoute>false</autoRoute>
<boxInbox>true</boxInbox>
<showLegend>false</showLegend>
<showLabels>false</showLabels>
<showRelAttributes>false</showRelAttributes>
<gridEnabled>false</gridEnabled>
<showGrid>false</showGrid>
<diagramColor>-1</diagramColor>
<display>false</display>
<notation>1</notation>
<objectViews>
<OView class="oracle.dbtools.crest.swingui.relational.TVTable" oid="30D5EA0A-D999-5F60-D091-2949FBFCCF35" otype="Table" vid="616A020D-D538-921B-411E-15DA6D70D1D2">
<hideElementsInCurrentOnly>false</hideElementsInCurrentOnly>
<bounds x="210" y="370" width="170" height="110"/>
<useDefaultColor>false</useDefaultColor>
<backgroundColor>-3342388</backgroundColor>
<foregroundColor>-16776961</foregroundColor>
</OView>
<OView class="oracle.dbtools.crest.swingui.relational.TVTable" oid="3F49ECD0-BD9E-B649-DB76-78E06B067BA3" otype="Table" vid="A441390E-2E0D-223E-61E2-0D413FC29AB7">
<hideElementsInCurrentOnly>false</hideElementsInCurrentOnly>
<bounds x="339" y="16" width="219" height="113"/>
<useDefaultColor>false</useDefaultColor>
<backgroundColor>-3342388</backgroundColor>
<foregroundColor>-16776961</foregroundColor>
</OView>
<OView class="oracle.dbtools.crest.swingui.relational.TVTable" oid="4B460074-64FC-F356-0BA2-3CA91830CF11" otype="Table" vid="75F041CE-319C-6C41-E0E7-AEFBAFE14AC3">
<hideElementsInCurrentOnly>false</hideElementsInCurrentOnly>
<bounds x="0" y="333" width="252" height="158"/>
<useDefaultColor>false</useDefaultColor>
<backgroundColor>-3342388</backgroundColor>
<foregroundColor>-16776961</foregroundColor>
</OView>
<OView class="oracle.dbtools.crest.swingui.relational.TVTable" oid="53F6885B-1AD8-B2CC-78F5-0DF2DCA10DED" otype="Table" vid="81A5B179-E1C9-9666-7CD0-69056E11EB2E">
<hideElementsInCurrentOnly>false</hideElementsInCurrentOnly>
<bounds x="17" y="157" width="226" height="133"/>
<useDefaultColor>false</useDefaultColor>
<backgroundColor>-3342388</backgroundColor>
<foregroundColor>-16776961</foregroundColor>
</OView>
<OView class="oracle.dbtools.crest.swingui.relational.TVTable" oid="6FBC3BBA-65D6-049A-47FD-1E1EB7D05171" otype="Table" vid="3907B408-4A42-BE42-482D-022813915190">
<hideElementsInCurrentOnly>false</hideElementsInCurrentOnly>
<bounds x="564" y="457" width="247" height="114"/>
<useDefaultColor>false</useDefaultColor>
<backgroundColor>-3342388</backgroundColor>
<foregroundColor>-16776961</foregroundColor>
</OView>
<OView class="oracle.dbtools.crest.swingui.relational.TVTable" oid="A387F9EA-52BC-B7D2-B2F4-F42A4A184ACC" otype="Table" vid="AE8ADA5D-AA39-5278-4782-6E63029A7B56">
<hideElementsInCurrentOnly>false</hideElementsInCurrentOnly>
<bounds x="236" y="544" width="218" height="162"/>
<useDefaultColor>false</useDefaultColor>
<backgroundColor>-3342388</backgroundColor>
<foregroundColor>-16776961</foregroundColor>
</OView>
<OView class="oracle.dbtools.crest.swingui.relational.TVTable" oid="B4D224A8-37C6-38EF-00A2-211E9643949C" otype="Table" vid="09B59612-6EA7-99A8-A8F6-E8A9148819AD">
<hideElementsInCurrentOnly>false</hideElementsInCurrentOnly>
<bounds x="800" y="135" width="297" height="167"/>
<useDefaultColor>false</useDefaultColor>
<backgroundColor>-3342388</backgroundColor>
<foregroundColor>-16776961</foregroundColor>
</OView>
<OView class="oracle.dbtools.crest.swingui.relational.TVTable" oid="C3200AA9-6F70-373A-5A54-0FA50F2EFA20" otype="Table" vid="7A222587-2FF6-7BD9-3067-ECEF95E67C05">
<hideElementsInCurrentOnly>false</hideElementsInCurrentOnly>
<bounds x="269" y="172" width="251" height="160"/>
<useDefaultColor>false</useDefaultColor>
<backgroundColor>-3355393</backgroundColor>
<foregroundColor>-16776961</foregroundColor>
</OView>
<OView class="oracle.dbtools.crest.swingui.relational.TVTable" oid="D8A2EAD9-8A22-4BC9-4E0E-A8A984B3EA0F" otype="Table" vid="BA84D939-4F18-F3BA-E54F-7E2CC80CAB6D">
<hideElementsInCurrentOnly>false</hideElementsInCurrentOnly>
<bounds x="46" y="22" width="210" height="112"/>
<useDefaultColor>false</useDefaultColor>
<backgroundColor>-3342388</backgroundColor>
<foregroundColor>-16776961</foregroundColor>
</OView>
</objectViews>
<connectors>
<Connector class="oracle.dbtools.crest.swingui.relational.TVFKRelation" oid="20359886-3A66-F72A-7327-84376C13D7A1" otype="FKIndexAssociation" vid_source="75F041CE-319C-6C41-E0E7-AEFBAFE14AC3" vid_target="7A222587-2FF6-7BD9-3067-ECEF95E67C05">
<hideElementsInCurrentOnly>false</hideElementsInCurrentOnly>
<backgroundColor>-16777216</backgroundColor>
<lineWidth>1</lineWidth>
<points>
<point x="252" y="333"/>
<point x="920" y="266"/>
<point x="920" y="732"/>
<point x="416" y="732"/>
<point x="416" y="332"/>
</points>
</Connector>
<Connector class="oracle.dbtools.crest.swingui.relational.TVFKRelation" oid="49C610A0-3042-723F-1EE7-3D084E6EE8E0" otype="FKIndexAssociation" vid_source="A441390E-2E0D-223E-61E2-0D413FC29AB7" vid_target="7A222587-2FF6-7BD9-3067-ECEF95E67C05">
<hideElementsInCurrentOnly>false</hideElementsInCurrentOnly>
<backgroundColor>-16777216</backgroundColor>
<lineWidth>1</lineWidth>
<points>
<point x="429" y="129"/>
<point x="429" y="172"/>
</points>
</Connector>
<Connector class="oracle.dbtools.crest.swingui.relational.TVFKRelation" oid="56B756F2-E4B4-409E-A082-9AB68BB6E024" otype="FKIndexAssociation" vid_source="AE8ADA5D-AA39-5278-4782-6E63029A7B56" vid_target="7A222587-2FF6-7BD9-3067-ECEF95E67C05">
<hideElementsInCurrentOnly>false</hideElementsInCurrentOnly>
<backgroundColor>-16777216</backgroundColor>
<lineWidth>1</lineWidth>
<points>
<point x="454" y="544"/>
<point x="845" y="266"/>
<point x="845" y="657"/>
<point x="416" y="657"/>
<point x="416" y="332"/>
</points>
</Connector>
<Connector class="oracle.dbtools.crest.swingui.relational.TVFKRelation" oid="9436CFD2-59D7-6CFF-0264-B355F2DE1B40" otype="FKIndexAssociation" vid_source="81A5B179-E1C9-9666-7CD0-69056E11EB2E" vid_target="7A222587-2FF6-7BD9-3067-ECEF95E67C05">
<hideElementsInCurrentOnly>false</hideElementsInCurrentOnly>
<backgroundColor>-16777216</backgroundColor>
<lineWidth>1</lineWidth>
<points>
<point x="243" y="266"/>
<point x="945" y="266"/>
<point x="945" y="757"/>
<point x="416" y="757"/>
<point x="416" y="332"/>
</points>
</Connector>
<Connector class="oracle.dbtools.crest.swingui.relational.TVFKRelation" oid="ABE69EBA-42E2-9A7D-95E1-5683F74A4F8D" otype="FKIndexAssociation" vid_source="3907B408-4A42-BE42-482D-022813915190" vid_target="7A222587-2FF6-7BD9-3067-ECEF95E67C05">
<hideElementsInCurrentOnly>false</hideElementsInCurrentOnly>
<backgroundColor>-16777216</backgroundColor>
<lineWidth>1</lineWidth>
<points>
<point x="811" y="457"/>
<point x="826" y="246"/>
<point x="826" y="318"/>
<point x="699" y="318"/>
<point x="520" y="318"/>
</points>
</Connector>
<Connector class="oracle.dbtools.crest.swingui.relational.TVFKRelation" oid="B4E226B7-F5B5-B588-39E0-76423C7FEAC4" otype="FKIndexAssociation" vid_source="09B59612-6EA7-99A8-A8F6-E8A9148819AD" vid_target="7A222587-2FF6-7BD9-3067-ECEF95E67C05">
<hideElementsInCurrentOnly>false</hideElementsInCurrentOnly>
<backgroundColor>-16777216</backgroundColor>
<lineWidth>1</lineWidth>
<points>
<point x="895" y="302"/>
<point x="895" y="266"/>
<point x="895" y="707"/>
<point x="416" y="707"/>
<point x="416" y="332"/>
</points>
</Connector>
<Connector class="oracle.dbtools.crest.swingui.relational.TVFKRelation" oid="BE870FBE-B40E-3C98-F5E4-DE9BF2520494" otype="FKIndexAssociation" vid_source="BA84D939-4F18-F3BA-E54F-7E2CC80CAB6D" vid_target="7A222587-2FF6-7BD9-3067-ECEF95E67C05">
<hideElementsInCurrentOnly>false</hideElementsInCurrentOnly>
<backgroundColor>-16777216</backgroundColor>
<lineWidth>1</lineWidth>
<points>
<point x="229" y="134"/>
<point x="282" y="172"/>
</points>
</Connector>
<Connector class="oracle.dbtools.crest.swingui.relational.TVFKRelation" oid="F8CF4302-B792-AF8B-030B-389E208C72EA" otype="FKIndexAssociation" vid_source="616A020D-D538-921B-411E-15DA6D70D1D2" vid_target="7A222587-2FF6-7BD9-3067-ECEF95E67C05">
<hideElementsInCurrentOnly>false</hideElementsInCurrentOnly>
<backgroundColor>-16777216</backgroundColor>
<lineWidth>1</lineWidth>
<points>
<point x="324" y="370"/>
<point x="324" y="332"/>
</points>
</Connector>
</connectors>
<displays>
<Display class="oracle.dbtools.crest.swingui.relational.DPVRelational" name="Display_1" id="31B56DBD-548D-82D0-628B-E02AA23CAF7F">
<createdBy>RAR9</createdBy>
<modifiedBy>RAR9</modifiedBy>
<createdTime>2024-01-16 13:52:52 UTC</createdTime>
<autoRoute>false</autoRoute>
<boxInbox>true</boxInbox>
<showLegend>false</showLegend>
<showLabels>false</showLabels>
<showRelAttributes>false</showRelAttributes>
<gridEnabled>false</gridEnabled>
<showGrid>false</showGrid>
<diagramColor>-1</diagramColor>
<display>true</display>
<generatorId>5043F5E7-B657-1E9E-8E47-1ECBC25E76E1</generatorId>
<importedid>5043F5E7-B657-1E9E-8E47-1ECBC25E76E1</importedid>
<notation>1</notation>
<objectViews>
<OView class="oracle.dbtools.crest.swingui.relational.TVTable" oid="30D5EA0A-D999-5F60-D091-2949FBFCCF35" otype="Table" vid="CF58EA51-7798-000B-0EE3-BD9BA8771BFE">
<hideElementsInCurrentOnly>false</hideElementsInCurrentOnly>
<bounds x="620" y="0" width="266" height="146"/>
<useDefaultColor>false</useDefaultColor>
<backgroundColor>-3342388</backgroundColor>
<foregroundColor>-16776961</foregroundColor>
</OView>
<OView class="oracle.dbtools.crest.swingui.relational.TVTable" oid="3F49ECD0-BD9E-B649-DB76-78E06B067BA3" otype="Table" vid="44559E28-D833-808F-789D-444671F3F889">
<hideElementsInCurrentOnly>false</hideElementsInCurrentOnly>
<bounds x="354" y="0" width="219" height="133"/>
<useDefaultColor>false</useDefaultColor>
<backgroundColor>-3342388</backgroundColor>
<foregroundColor>-16776961</foregroundColor>
</OView>
<OView class="oracle.dbtools.crest.swingui.relational.TVTable" oid="4B460074-64FC-F356-0BA2-3CA91830CF11" otype="Table" vid="8AA6AB70-4B3A-0180-2CB5-8B7857D7BD24">
<hideElementsInCurrentOnly>false</hideElementsInCurrentOnly>
<bounds x="0" y="342" width="252" height="199"/>
<useDefaultColor>false</useDefaultColor>
<backgroundColor>-3342388</backgroundColor>
<foregroundColor>-16776961</foregroundColor>
</OView>
<OView class="oracle.dbtools.crest.swingui.relational.TVTable" oid="53F6885B-1AD8-B2CC-78F5-0DF2DCA10DED" otype="Table" vid="7D0AE3C6-F1C1-1D77-74DA-FD93D632A59A">
<hideElementsInCurrentOnly>false</hideElementsInCurrentOnly>
<bounds x="6" y="155" width="226" height="133"/>
<useDefaultColor>false</useDefaultColor>
<backgroundColor>-3342388</backgroundColor>
<foregroundColor>-16776961</foregroundColor>
</OView>
<OView class="oracle.dbtools.crest.swingui.relational.TVTable" oid="6FBC3BBA-65D6-049A-47FD-1E1EB7D05171" otype="Table" vid="B4D1AE4C-B8E2-5450-F0BF-C86E1EA90230">
<hideElementsInCurrentOnly>false</hideElementsInCurrentOnly>
<bounds x="689" y="190" width="247" height="104"/>
<useDefaultColor>false</useDefaultColor>
<backgroundColor>-3342388</backgroundColor>
<foregroundColor>-16776961</foregroundColor>
</OView>
<OView class="oracle.dbtools.crest.swingui.relational.TVTable" oid="A387F9EA-52BC-B7D2-B2F4-F42A4A184ACC" otype="Table" vid="AFDF33A2-4F64-AB55-6F48-8F360C8D41F9">
<hideElementsInCurrentOnly>false</hideElementsInCurrentOnly>
<bounds x="314" y="485" width="255" height="162"/>
<useDefaultColor>false</useDefaultColor>
<backgroundColor>-3342388</backgroundColor>
<foregroundColor>-16776961</foregroundColor>
</OView>
<OView class="oracle.dbtools.crest.swingui.relational.TVTable" oid="B4D224A8-37C6-38EF-00A2-211E9643949C" otype="Table" vid="3F0AE17A-BEBC-B102-2092-68ED4E72DBEA">
<hideElementsInCurrentOnly>false</hideElementsInCurrentOnly>
<bounds x="672" y="342" width="257" height="230"/>
<useDefaultColor>false</useDefaultColor>
<backgroundColor>-3342388</backgroundColor>
<foregroundColor>-16776961</foregroundColor>
</OView>
<OView class="oracle.dbtools.crest.swingui.relational.TVTable" oid="C3200AA9-6F70-373A-5A54-0FA50F2EFA20" otype="Table" vid="FEC48AE0-5DCA-BF60-45D7-7F22B9F3AFA8">
<hideElementsInCurrentOnly>false</hideElementsInCurrentOnly>
<bounds x="314" y="152" width="302" height="310"/>
<useDefaultColor>false</useDefaultColor>
<backgroundColor>-3355393</backgroundColor>
<foregroundColor>-16776961</foregroundColor>
</OView>
<OView class="oracle.dbtools.crest.swingui.relational.TVTable" oid="D8A2EAD9-8A22-4BC9-4E0E-A8A984B3EA0F" otype="Table" vid="503780C3-B940-A571-6E11-A4383F4B921E">
<hideElementsInCurrentOnly>false</hideElementsInCurrentOnly>
<bounds x="25" y="0" width="210" height="137"/>
<useDefaultColor>false</useDefaultColor>
<backgroundColor>-3342388</backgroundColor>
<foregroundColor>-16776961</foregroundColor>
</OView>
</objectViews>
<connectors>
<Connector class="oracle.dbtools.crest.swingui.relational.TVFKRelation" oid="20359886-3A66-F72A-7327-84376C13D7A1" otype="FKIndexAssociation" vid_source="8AA6AB70-4B3A-0180-2CB5-8B7857D7BD24" vid_target="FEC48AE0-5DCA-BF60-45D7-7F22B9F3AFA8">
<hideElementsInCurrentOnly>false</hideElementsInCurrentOnly>
<backgroundColor>-16777216</backgroundColor>
<lineWidth>1</lineWidth>
<points>
<point x="252" y="402"/>
<point x="314" y="402"/>
</points>
</Connector>
<Connector class="oracle.dbtools.crest.swingui.relational.TVFKRelation" oid="49C610A0-3042-723F-1EE7-3D084E6EE8E0" otype="FKIndexAssociation" vid_source="44559E28-D833-808F-789D-444671F3F889" vid_target="FEC48AE0-5DCA-BF60-45D7-7F22B9F3AFA8">
<hideElementsInCurrentOnly>false</hideElementsInCurrentOnly>
<backgroundColor>-16777216</backgroundColor>
<lineWidth>1</lineWidth>
<points>
<point x="463" y="133"/>
<point x="463" y="152"/>
</points>
</Connector>
<Connector class="oracle.dbtools.crest.swingui.relational.TVFKRelation" oid="56B756F2-E4B4-409E-A082-9AB68BB6E024" otype="FKIndexAssociation" vid_source="AFDF33A2-4F64-AB55-6F48-8F360C8D41F9" vid_target="FEC48AE0-5DCA-BF60-45D7-7F22B9F3AFA8">
<hideElementsInCurrentOnly>false</hideElementsInCurrentOnly>
<backgroundColor>-16777216</backgroundColor>
<lineWidth>1</lineWidth>
<points>
<point x="441" y="485"/>
<point x="441" y="462"/>
</points>
</Connector>
<Connector class="oracle.dbtools.crest.swingui.relational.TVFKRelation" oid="9436CFD2-59D7-6CFF-0264-B355F2DE1B40" otype="FKIndexAssociation" vid_source="7D0AE3C6-F1C1-1D77-74DA-FD93D632A59A" vid_target="FEC48AE0-5DCA-BF60-45D7-7F22B9F3AFA8">
<hideElementsInCurrentOnly>false</hideElementsInCurrentOnly>
<backgroundColor>-16777216</backgroundColor>
<lineWidth>1</lineWidth>
<points>
<point x="232" y="221"/>
<point x="314" y="221"/>
</points>
</Connector>
<Connector class="oracle.dbtools.crest.swingui.relational.TVFKRelation" oid="ABE69EBA-42E2-9A7D-95E1-5683F74A4F8D" otype="FKIndexAssociation" vid_source="B4D1AE4C-B8E2-5450-F0BF-C86E1EA90230" vid_target="FEC48AE0-5DCA-BF60-45D7-7F22B9F3AFA8">
<hideElementsInCurrentOnly>false</hideElementsInCurrentOnly>
<backgroundColor>-16777216</backgroundColor>
<lineWidth>1</lineWidth>
<points>
<point x="689" y="242"/>
<point x="616" y="242"/>
</points>
</Connector>
<Connector class="oracle.dbtools.crest.swingui.relational.TVFKRelation" oid="B4E226B7-F5B5-B588-39E0-76423C7FEAC4" otype="FKIndexAssociation" vid_source="3F0AE17A-BEBC-B102-2092-68ED4E72DBEA" vid_target="FEC48AE0-5DCA-BF60-45D7-7F22B9F3AFA8">
<hideElementsInCurrentOnly>false</hideElementsInCurrentOnly>
<backgroundColor>-16777216</backgroundColor>
<lineWidth>1</lineWidth>
<points>
<point x="672" y="402"/>
<point x="616" y="402"/>
</points>
</Connector>
<Connector class="oracle.dbtools.crest.swingui.relational.TVFKRelation" oid="BE870FBE-B40E-3C98-F5E4-DE9BF2520494" otype="FKIndexAssociation" vid_source="503780C3-B940-A571-6E11-A4383F4B921E" vid_target="FEC48AE0-5DCA-BF60-45D7-7F22B9F3AFA8">
<hideElementsInCurrentOnly>false</hideElementsInCurrentOnly>
<backgroundColor>-16777216</backgroundColor>
<lineWidth>1</lineWidth>
<points>
<point x="226" y="137"/>
<point x="314" y="199"/>
</points>
</Connector>
<Connector class="oracle.dbtools.crest.swingui.relational.TVFKRelation" oid="F8CF4302-B792-AF8B-030B-389E208C72EA" otype="FKIndexAssociation" vid_source="CF58EA51-7798-000B-0EE3-BD9BA8771BFE" vid_target="FEC48AE0-5DCA-BF60-45D7-7F22B9F3AFA8">
<hideElementsInCurrentOnly>false</hideElementsInCurrentOnly>
<backgroundColor>-16777216</backgroundColor>
<lineWidth>1</lineWidth>
<points>
<point x="663" y="146"/>
<point x="616" y="184"/>
</points>
</Connector>
</connectors>
</Display>
</displays>
</Diagram>