<?xml version = '1.0' encoding = 'UTF-8'?>
<Diagram class="oracle.dbtools.crest.swingui.relational.DPVRelational" name="1_CC2_GRP8_MPD_SI_OPE" id="0ABB8DC9-A875-5348-34E0-378FB1107204">
<createdBy>RAR9</createdBy>
<modifiedBy>RAR9</modifiedBy>
<createdTime>2024-01-15 18:06:49 UTC</createdTime>
<autoRoute>false</autoRoute>
<boxInbox>true</boxInbox>
<showLegend>false</showLegend>
<showLabels>false</showLabels>
<showRelAttributes>false</showRelAttributes>
<gridEnabled>false</gridEnabled>
<showGrid>false</showGrid>
<diagramColor>-1</diagramColor>
<display>false</display>
<notation>1</notation>
<objectViews>
<OView class="oracle.dbtools.crest.swingui.relational.TVTable" oid="0DCDC08E-3DE2-102B-CEA5-365AB46D287E" otype="Table" vid="DAC42AD6-1502-FEB1-67A5-CBCABD4732C7">
<hideElementsInCurrentOnly>false</hideElementsInCurrentOnly>
<bounds x="0" y="231" width="264" height="74"/>
</OView>
<OView class="oracle.dbtools.crest.swingui.relational.TVTable" oid="1B18DD7D-7761-0547-5306-268EE0A644F1" otype="Table" vid="902453E4-7337-3A8A-4E72-B4AF4BCF44E0">
<hideElementsInCurrentOnly>false</hideElementsInCurrentOnly>
<bounds x="1130" y="4" width="280" height="150"/>
</OView>
<OView class="oracle.dbtools.crest.swingui.relational.TVTable" oid="20044E77-F1AA-CC31-7A0B-A8494FEE33A6" otype="Table" vid="0D85B348-6226-C8E2-7D58-BC70F744368B">
<hideElementsInCurrentOnly>false</hideElementsInCurrentOnly>
<bounds x="1114" y="654" width="280" height="126"/>
</OView>
<OView class="oracle.dbtools.crest.swingui.relational.TVView" oid="214F6075-6CFD-0101-21E5-E6009253347B" otype="View" vid="3E5C08E3-18FF-A392-D494-C78A672467C5">
<hideElementsInCurrentOnly>false</hideElementsInCurrentOnly>
<bounds x="916" y="821" width="378" height="541"/>
</OView>
<OView class="oracle.dbtools.crest.swingui.relational.TVTable" oid="3288C43E-2F5D-2AAB-06C5-B4893A8AE299" otype="Table" vid="79C4207F-B9DA-DFB6-D035-878B1EDA9805">
<hideElementsInCurrentOnly>false</hideElementsInCurrentOnly>
<bounds x="312" y="235" width="289" height="174"/>
</OView>
<OView class="oracle.dbtools.crest.swingui.relational.TVTable" oid="35F4296B-A201-20CE-8FF5-C3682371E6B1" otype="Table" vid="FB3DAA57-05F9-1F51-5A88-AA5FAEB81C49">
<hideElementsInCurrentOnly>false</hideElementsInCurrentOnly>
<bounds x="671" y="643" width="280" height="141"/>
</OView>
<OView class="oracle.dbtools.crest.swingui.relational.TVTable" oid="5B1FA697-D548-617E-FD75-71D0DF4B046D" otype="Table" vid="3E884D1B-5A69-C51D-7D5A-6900D295B09B">
<hideElementsInCurrentOnly>false</hideElementsInCurrentOnly>
<bounds x="0" y="139" width="229" height="115"/>
</OView>
<OView class="oracle.dbtools.crest.swingui.relational.TVTable" oid="6974C93F-C93D-D295-0118-91EE3C744253" otype="Table" vid="D9C2C4F3-660D-DD4C-C546-7EE317E0F879">
<hideElementsInCurrentOnly>false</hideElementsInCurrentOnly>
<bounds x="361" y="472" width="280" height="137"/>
</OView>
<OView class="oracle.dbtools.crest.swingui.relational.TVTable" oid="6EA1BB70-C1A1-59B7-249A-A963C49BDB37" otype="Table" vid="DDBDAFB5-44B1-4ABD-F374-E13BA475BE7A">
<hideElementsInCurrentOnly>false</hideElementsInCurrentOnly>
<bounds x="1060" y="405" width="534" height="178"/>
</OView>
<OView class="oracle.dbtools.crest.swingui.relational.TVTable" oid="98CE7A45-2790-BFE6-BC0C-C2E74CDBAAF4" otype="Table" vid="61A41AEF-D608-0BA7-6B1D-099C77CA40AE">
<hideElementsInCurrentOnly>false</hideElementsInCurrentOnly>
<bounds x="1092" y="209" width="330" height="74"/>
</OView>
<OView class="oracle.dbtools.crest.swingui.relational.TVTable" oid="A2E0F68B-05AC-C8AC-994B-CF51FFF25272" otype="Table" vid="CF91A630-D875-F95A-0FF8-C6AF0E72C680">
<hideElementsInCurrentOnly>false</hideElementsInCurrentOnly>
<bounds x="322" y="20" width="280" height="132"/>
</OView>
<OView class="oracle.dbtools.crest.swingui.relational.TVTable" oid="B4AB094D-20A8-31EC-EDBB-ACDFDEAC0FC5" otype="Table" vid="C521CEE5-6A0C-B59C-F01C-E83E79672C82">
<hideElementsInCurrentOnly>false</hideElementsInCurrentOnly>
<bounds x="708" y="289" width="280" height="212"/>
</OView>
<OView class="oracle.dbtools.crest.swingui.relational.TVView" oid="C9876E39-0D9B-3B24-A34D-7AB452D1EF45" otype="View" vid="C8E22094-71A4-A2B0-D610-4F76FDDD7D86">
<hideElementsInCurrentOnly>false</hideElementsInCurrentOnly>
<bounds x="168" y="625" width="396" height="696"/>
</OView>
<OView class="oracle.dbtools.crest.swingui.relational.TVTable" oid="E992F90F-C036-B904-2CEA-D161FAC277F9" otype="Table" vid="CB36798F-B431-A427-E130-640140C70A22">
<hideElementsInCurrentOnly>false</hideElementsInCurrentOnly>
<bounds x="0" y="429" width="297" height="178"/>
</OView>
<OView class="oracle.dbtools.crest.swingui.relational.TVTable" oid="F50640FC-FD74-228B-6FC7-AD93A5B8E477" otype="Table" vid="D85FF56C-BA8D-29DF-89A4-C7BB89BA0A51">
<hideElementsInCurrentOnly>false</hideElementsInCurrentOnly>
<bounds x="704" y="4" width="280" height="180"/>
</OView>
</objectViews>
<connectors>
<Connector class="oracle.dbtools.crest.swingui.relational.TVFKRelation" oid="0809B7FF-74AE-1D6F-B969-D024582E8A19" otype="FKIndexAssociation" vid_source="0D85B348-6226-C8E2-7D58-BC70F744368B" vid_target="FB3DAA57-05F9-1F51-5A88-AA5FAEB81C49">
<hideElementsInCurrentOnly>false</hideElementsInCurrentOnly>
<backgroundColor>-16777216</backgroundColor>
<lineWidth>1</lineWidth>
<points>
<point x="1114" y="717"/>
<point x="951" y="717"/>
</points>
</Connector>
<Connector class="oracle.dbtools.crest.swingui.relational.TVFKRelation" oid="1D9BB7E3-BDA7-C831-9924-8C843CF40C34" otype="FKIndexAssociation" vid_source="DAC42AD6-1502-FEB1-67A5-CBCABD4732C7" vid_target="CB36798F-B431-A427-E130-640140C70A22">
<hideElementsInCurrentOnly>false</hideElementsInCurrentOnly>
<backgroundColor>-16777216</backgroundColor>
<lineWidth>1</lineWidth>
<points>
<point x="132" y="305"/>
<point x="132" y="429"/>
</points>
</Connector>
<Connector class="oracle.dbtools.crest.swingui.relational.TVFKRelation" oid="246FF964-B123-8680-88FE-52D439042B4A" otype="FKIndexAssociation" vid_source="D9C2C4F3-660D-DD4C-C546-7EE317E0F879" vid_target="79C4207F-B9DA-DFB6-D035-878B1EDA9805">
<hideElementsInCurrentOnly>false</hideElementsInCurrentOnly>
<backgroundColor>-16777216</backgroundColor>
<lineWidth>1</lineWidth>
<points>
<point x="481" y="472"/>
<point x="481" y="409"/>
</points>
</Connector>
<Connector class="oracle.dbtools.crest.swingui.relational.TVFKRelation" oid="3AFF0D57-D152-1C68-415A-5FF46DEFCBEE" otype="FKIndexAssociation" vid_source="CF91A630-D875-F95A-0FF8-C6AF0E72C680" vid_target="79C4207F-B9DA-DFB6-D035-878B1EDA9805">
<hideElementsInCurrentOnly>false</hideElementsInCurrentOnly>
<backgroundColor>-16777216</backgroundColor>
<lineWidth>1</lineWidth>
<points>
<point x="461" y="152"/>
<point x="461" y="235"/>
</points>
</Connector>
<Connector class="oracle.dbtools.crest.swingui.relational.TVFKRelation" oid="5E868D5B-3E0B-B05C-6C2C-7D8F5AF3B523" otype="FKIndexAssociation" vid_source="3E884D1B-5A69-C51D-7D5A-6900D295B09B" vid_target="79C4207F-B9DA-DFB6-D035-878B1EDA9805">
<hideElementsInCurrentOnly>false</hideElementsInCurrentOnly>
<backgroundColor>-16777216</backgroundColor>
<lineWidth>1</lineWidth>
<points>
<point x="229" y="244"/>
<point x="312" y="244"/>
</points>
</Connector>
<Connector class="oracle.dbtools.crest.swingui.relational.TVFKRelation" oid="637A5000-3730-AE62-872D-9841DF1D602B" otype="FKIndexAssociation" vid_source="902453E4-7337-3A8A-4E72-B4AF4BCF44E0" vid_target="D85FF56C-BA8D-29DF-89A4-C7BB89BA0A51">
<hideElementsInCurrentOnly>false</hideElementsInCurrentOnly>
<backgroundColor>-16777216</backgroundColor>
<lineWidth>1</lineWidth>
<points>
<point x="1130" y="79"/>
<point x="984" y="79"/>
</points>
</Connector>
<Connector class="oracle.dbtools.crest.swingui.relational.TVFKRelation" oid="774E3875-69DA-A165-03BE-89644996AF8A" otype="FKIndexAssociation" vid_source="FB3DAA57-05F9-1F51-5A88-AA5FAEB81C49" vid_target="C521CEE5-6A0C-B59C-F01C-E83E79672C82">
<hideElementsInCurrentOnly>false</hideElementsInCurrentOnly>
<backgroundColor>-16777216</backgroundColor>
<lineWidth>1</lineWidth>
<points>
<point x="829" y="643"/>
<point x="829" y="501"/>
</points>
</Connector>
<Connector class="oracle.dbtools.crest.swingui.relational.TVFKRelation" oid="797F971A-D6C5-C875-ED47-1355E90D0F77" otype="FKIndexAssociation" vid_source="61A41AEF-D608-0BA7-6B1D-099C77CA40AE" vid_target="902453E4-7337-3A8A-4E72-B4AF4BCF44E0">
<hideElementsInCurrentOnly>false</hideElementsInCurrentOnly>
<backgroundColor>-16777216</backgroundColor>
<lineWidth>1</lineWidth>
<points>
<point x="1270" y="209"/>
<point x="1270" y="154"/>
</points>
</Connector>
<Connector class="oracle.dbtools.crest.swingui.relational.TVFKRelation" oid="8FA9333C-DA06-18AE-054C-205119A65787" otype="FKIndexAssociation" vid_source="DAC42AD6-1502-FEB1-67A5-CBCABD4732C7" vid_target="3E884D1B-5A69-C51D-7D5A-6900D295B09B">
<hideElementsInCurrentOnly>false</hideElementsInCurrentOnly>
<backgroundColor>-16777216</backgroundColor>
<lineWidth>1</lineWidth>
<points>
<point x="0" y="242"/>
<point x="0" y="242"/>
</points>
</Connector>
<Connector class="oracle.dbtools.crest.swingui.relational.TVFKRelation" oid="C2DBFFB2-8225-DE4F-3E45-3E393C39E962" otype="FKIndexAssociation" vid_source="61A41AEF-D608-0BA7-6B1D-099C77CA40AE" vid_target="DDBDAFB5-44B1-4ABD-F374-E13BA475BE7A">
<hideElementsInCurrentOnly>false</hideElementsInCurrentOnly>
<backgroundColor>-16777216</backgroundColor>
<lineWidth>1</lineWidth>
<points>
<point x="1257" y="283"/>
<point x="1257" y="405"/>
</points>
</Connector>
<Connector class="oracle.dbtools.crest.swingui.relational.TVFKRelation" oid="D2C61AEF-E9E3-BDCE-11D9-77AB012F8B6E" otype="FKIndexAssociation" vid_source="D85FF56C-BA8D-29DF-89A4-C7BB89BA0A51" vid_target="C521CEE5-6A0C-B59C-F01C-E83E79672C82">
<hideElementsInCurrentOnly>false</hideElementsInCurrentOnly>
<backgroundColor>-16777216</backgroundColor>
<lineWidth>1</lineWidth>
<points>
<point x="846" y="184"/>
<point x="846" y="289"/>
</points>
</Connector>
<Connector class="oracle.dbtools.crest.swingui.relational.TVFKRelation" oid="E4FCA01D-D7C4-868F-27C4-0D44D8655067" otype="FKIndexAssociation" vid_source="79C4207F-B9DA-DFB6-D035-878B1EDA9805" vid_target="D85FF56C-BA8D-29DF-89A4-C7BB89BA0A51">
<hideElementsInCurrentOnly>false</hideElementsInCurrentOnly>
<backgroundColor>-16777216</backgroundColor>
<lineWidth>1</lineWidth>
<points>
<point x="601" y="236"/>
<point x="704" y="176"/>
</points>
</Connector>
</connectors>
</Diagram>