<?xml version = '1.0' encoding = 'UTF-8'?>
<FKIndexAssociation class="oracle.dbtools.crest.model.design.relational.FKIndexAssociation" directorySegmentName="seg_0" id="20359886-3A66-F72A-7327-84376C13D7A1" containerWithKeyObject="C3200AA9-6F70-373A-5A54-0FA50F2EFA20" localFKIndex="FB358790-229C-0C88-5D56-8ADDDF30FCDF" name="ADRESSE_NORM_RESTAURANT_D_FK">
<createdBy>RAR9</createdBy>
<createdTime>2024-01-16 13:52:52 UTC</createdTime>
<ownerDesignName>4_CC2_Groupe8_MPD_DM2</ownerDesignName>
<importedID>D5D94B99-DB50-DD62-2E24-F24D7A27CF71</importedID>
<referredTableLongName>DSID_LIV_DM2.DIM_ADRESSE_NORM_RESTAURANT_D</referredTableLongName>
<deleteRule>NO ACTION</deleteRule>
<referredTableID>4B460074-64FC-F356-0BA2-3CA91830CF11</referredTableID>
<keyObject>63988693-C004-FE82-5060-F2AFBCD3DAE4</keyObject>
<referredKeyID>63988693-C004-FE82-5060-F2AFBCD3DAE4</referredKeyID>
<mandatory>true</mandatory>
<refColNames>ID_ADRESSE_NORM_RESTAURANT</refColNames>
<transferable>true</transferable>
<rely>false</rely>
<columnDependencyConstraintGenerateInDDL>true</columnDependencyConstraintGenerateInDDL>
</FKIndexAssociation>