<?xml version = '1.0' encoding = 'UTF-8'?>
<FKIndexAssociation class="oracle.dbtools.crest.model.design.relational.FKIndexAssociation" directorySegmentName="seg_0" id="49C610A0-3042-723F-1EE7-3D084E6EE8E0" containerWithKeyObject="C3200AA9-6F70-373A-5A54-0FA50F2EFA20" localFKIndex="EEEF4787-977D-B663-EA1D-33FC40019218" name="RESTAURANT_D_FK">
<createdBy>RAR9</createdBy>
<createdTime>2024-01-16 13:52:52 UTC</createdTime>
<ownerDesignName>4_CC2_Groupe8_MPD_DM2</ownerDesignName>
<importedID>F375C273-41AF-704C-B882-9821B0E67D0C</importedID>
<referredTableLongName>DSID_LIV_DM2.DIM_RESTAURANT_D</referredTableLongName>
<deleteRule>NO ACTION</deleteRule>
<referredTableID>3F49ECD0-BD9E-B649-DB76-78E06B067BA3</referredTableID>
<keyObject>E0FF58EF-C8FB-329E-10B3-B92D42577ABA</keyObject>
<referredKeyID>E0FF58EF-C8FB-329E-10B3-B92D42577ABA</referredKeyID>
<mandatory>true</mandatory>
<refColNames>ID_RESTAURANT</refColNames>
<transferable>true</transferable>
<rely>false</rely>
<columnDependencyConstraintGenerateInDDL>true</columnDependencyConstraintGenerateInDDL>
</FKIndexAssociation>