<?xml version = '1.0' encoding = 'UTF-8'?>
<FKIndexAssociation class="oracle.dbtools.crest.model.design.relational.FKIndexAssociation" directorySegmentName="seg_0" id="56B756F2-E4B4-409E-A082-9AB68BB6E024" containerWithKeyObject="C3200AA9-6F70-373A-5A54-0FA50F2EFA20" localFKIndex="77BF5E40-BDC0-CDB3-8BAF-C40C3B70C6DE" name="DATE_FIN_LIVRAISON_D_FK">
<createdBy>RAR9</createdBy>
<createdTime>2024-01-16 13:52:52 UTC</createdTime>
<ownerDesignName>4_CC2_Groupe8_MPD_DM2</ownerDesignName>
<importedID>627C4801-0D05-CB6E-6C14-D3CD7D30B3DD</importedID>
<referredTableLongName>DSID_LIV_DM2.DIM_DATE_FIN_LIVRAISON_D</referredTableLongName>
<deleteRule>NO ACTION</deleteRule>
<referredTableID>A387F9EA-52BC-B7D2-B2F4-F42A4A184ACC</referredTableID>
<keyObject>4E12D54F-BFFE-DFE7-2D85-0C74C2AFD9F4</keyObject>
<referredKeyID>4E12D54F-BFFE-DFE7-2D85-0C74C2AFD9F4</referredKeyID>
<mandatory>true</mandatory>
<refColNames>ID_DATE_FIN_LIVRAISON</refColNames>
<transferable>true</transferable>
<rely>false</rely>
<columnDependencyConstraintGenerateInDDL>true</columnDependencyConstraintGenerateInDDL>
</FKIndexAssociation>