<?xml version = '1.0' encoding = 'UTF-8'?>
<FKIndexAssociation class="oracle.dbtools.crest.model.design.relational.FKIndexAssociation" directorySegmentName="seg_0" id="9436CFD2-59D7-6CFF-0264-B355F2DE1B40" containerWithKeyObject="C3200AA9-6F70-373A-5A54-0FA50F2EFA20" localFKIndex="2433173E-B5BE-1063-B416-ED2619B478EF" name="CLIENT_D_FK">
<createdBy>RAR9</createdBy>
<createdTime>2024-01-16 13:52:52 UTC</createdTime>
<ownerDesignName>4_CC2_Groupe8_MPD_DM2</ownerDesignName>
<importedID>E376A622-904A-3623-84DF-EA26D2C40606</importedID>
<referredTableLongName>DSID_LIV_DM2.DIM_CLIENT_D</referredTableLongName>
<deleteRule>NO ACTION</deleteRule>
<referredTableID>53F6885B-1AD8-B2CC-78F5-0DF2DCA10DED</referredTableID>
<keyObject>38392FE5-A12A-4FD2-33FF-DCDEA087339C</keyObject>
<referredKeyID>38392FE5-A12A-4FD2-33FF-DCDEA087339C</referredKeyID>
<mandatory>true</mandatory>
<refColNames>ID_CLIENT</refColNames>
<transferable>true</transferable>
<rely>false</rely>
<columnDependencyConstraintGenerateInDDL>true</columnDependencyConstraintGenerateInDDL>
</FKIndexAssociation>