<?xml version = '1.0' encoding = 'UTF-8'?>
<FKIndexAssociation class="oracle.dbtools.crest.model.design.relational.FKIndexAssociation" directorySegmentName="seg_0" id="ABE69EBA-42E2-9A7D-95E1-5683F74A4F8D" containerWithKeyObject="C3200AA9-6F70-373A-5A54-0FA50F2EFA20" localFKIndex="E4B81E72-8AAF-A07B-542B-4BD6130C1474" name="MOYEN_LIVRAISON_D__FK">
<createdBy>RAR9</createdBy>
<createdTime>2024-01-16 13:52:52 UTC</createdTime>
<ownerDesignName>4_CC2_Groupe8_MPD_DM2</ownerDesignName>
<importedID>83E8B893-8653-6CF8-B390-5B69CD6FE3EC</importedID>
<referredTableLongName>DSID_LIV_DM2.DIM_MOYEN_LIVRAISON_D</referredTableLongName>
<deleteRule>NO ACTION</deleteRule>
<referredTableID>6FBC3BBA-65D6-049A-47FD-1E1EB7D05171</referredTableID>
<keyObject>FB6DFB6B-386A-B68C-7E4F-69042BC2265C</keyObject>
<referredKeyID>FB6DFB6B-386A-B68C-7E4F-69042BC2265C</referredKeyID>
<mandatory>true</mandatory>
<refColNames>ID_MOYEN_LIVRAISON</refColNames>
<transferable>true</transferable>
<rely>false</rely>
<columnDependencyConstraintGenerateInDDL>true</columnDependencyConstraintGenerateInDDL>
</FKIndexAssociation>