<?xml version = '1.0' encoding = 'UTF-8'?>
<FKIndexAssociation class="oracle.dbtools.crest.model.design.relational.FKIndexAssociation" directorySegmentName="seg_0" id="B4E226B7-F5B5-B588-39E0-76423C7FEAC4" containerWithKeyObject="C3200AA9-6F70-373A-5A54-0FA50F2EFA20" localFKIndex="5E3B9BFD-FDEB-8692-95E3-4C08DA7508C7" name="ADRESSE_NORM_CLIENT_D_FK">
<createdBy>RAR9</createdBy>
<createdTime>2024-01-16 13:52:52 UTC</createdTime>
<ownerDesignName>4_CC2_Groupe8_MPD_DM2</ownerDesignName>
<importedID>E5C21DD2-88F6-01E0-E68E-F3F0643B0AC0</importedID>
<referredTableLongName>DSID_LIV_DM2.DIM_ADRESSE_NORM_CLIENT_D</referredTableLongName>
<deleteRule>NO ACTION</deleteRule>
<referredTableID>B4D224A8-37C6-38EF-00A2-211E9643949C</referredTableID>
<keyObject>77948D68-AEAE-42F8-B793-B17FED50E5F5</keyObject>
<referredKeyID>77948D68-AEAE-42F8-B793-B17FED50E5F5</referredKeyID>
<mandatory>true</mandatory>
<refColNames>ID_ADRESSE_NORM_CLIENT</refColNames>
<transferable>true</transferable>
<rely>false</rely>
<columnDependencyConstraintGenerateInDDL>true</columnDependencyConstraintGenerateInDDL>
</FKIndexAssociation>