<?xml version = '1.0' encoding = 'UTF-8'?>
<FKIndexAssociation class="oracle.dbtools.crest.model.design.relational.FKIndexAssociation" directorySegmentName="seg_0" id="BE870FBE-B40E-3C98-F5E4-DE9BF2520494" containerWithKeyObject="C3200AA9-6F70-373A-5A54-0FA50F2EFA20" localFKIndex="EC7E7C08-18DA-4EEC-53D5-E5BD5E9E9ADC" name="LIVREUR_D_FK">
<createdBy>RAR9</createdBy>
<createdTime>2024-01-16 13:52:52 UTC</createdTime>
<ownerDesignName>4_CC2_Groupe8_MPD_DM2</ownerDesignName>
<importedID>C9D60196-8534-9FB2-782F-82E2EDFFF5A7</importedID>
<referredTableLongName>DSID_LIV_DM2.DIM_LIVREUR_D</referredTableLongName>
<deleteRule>NO ACTION</deleteRule>
<referredTableID>D8A2EAD9-8A22-4BC9-4E0E-A8A984B3EA0F</referredTableID>
<keyObject>F72A1029-3A7D-B917-978B-77313FF56C92</keyObject>
<referredKeyID>F72A1029-3A7D-B917-978B-77313FF56C92</referredKeyID>
<mandatory>true</mandatory>
<refColNames>ID_LIVREUR</refColNames>
<transferable>true</transferable>
<rely>false</rely>
<columnDependencyConstraintGenerateInDDL>true</columnDependencyConstraintGenerateInDDL>
</FKIndexAssociation>