<?xml version = '1.0' encoding = 'UTF-8'?>
<FKIndexAssociation class="oracle.dbtools.crest.model.design.relational.FKIndexAssociation" directorySegmentName="seg_0" id="F8CF4302-B792-AF8B-030B-389E208C72EA" containerWithKeyObject="C3200AA9-6F70-373A-5A54-0FA50F2EFA20" localFKIndex="8A6582D3-6A14-F1C3-9083-EC50EFCE316D" name="MENU_D_FK">
<createdBy>RAR9</createdBy>
<createdTime>2024-01-16 13:52:52 UTC</createdTime>
<ownerDesignName>4_CC2_Groupe8_MPD_DM2</ownerDesignName>
<importedID>AE2BD193-270A-6704-26C3-01FF6B9696D3</importedID>
<referredTableLongName>DSID_LIV_DM2.DIM_MENU_D</referredTableLongName>
<deleteRule>NO ACTION</deleteRule>
<referredTableID>30D5EA0A-D999-5F60-D091-2949FBFCCF35</referredTableID>
<keyObject>E73B5FF3-7986-3E7E-2C97-8D06C0148112</keyObject>
<referredKeyID>E73B5FF3-7986-3E7E-2C97-8D06C0148112</referredKeyID>
<mandatory>true</mandatory>
<refColNames>ID_MENU</refColNames>
<transferable>true</transferable>
<rely>false</rely>
<columnDependencyConstraintGenerateInDDL>true</columnDependencyConstraintGenerateInDDL>
</FKIndexAssociation>